Workbook

Sheet ПЛК СТАБУР 05-24 CODESYS
A1: 12.03.2026 Прайс лист на продукцию ПЛК/ПО/ПК СТАБУР ООО ПО «Промсвязь»
A2: Примеры полного условного обозначения прибора: ПЛК СТАБУР 21 – программируемый логический контроллер СТАБУР с экраном размером 21,5'', без модулей ввода-вывода и без корзины для их установки. Предустановленная среда исполнения CODESYS 3.5. ПЛК СТАБУР 05 (ETH232+AI+AO+PS24+WIFIBT+DI+DOOC+X) – программируемый логический контроллер СТАБУР с экраном размером 5'', с одной корзиной для модулей с установленными модулями: в слоте №1 – ETH232, №2 – AI №3 – AO, №4 – PS24, №5 – WIFIBT, №6 – DI, №7 – DOOC. В слоте №8 модули отсутствуют. Предустановленная среда исполнения CODESYS 3.5. ПЛК СТАБУР 17 (GSM+X+AI+AO+WIFIBT+X+DI+DOOC+DOS+DOS+DOR+DOR+CAN+TERM+TERM+X) – программируемый логический контроллер СТАБУР с экраном размером 17'', с двумя корзинами для модулей, с установленными модулями: в слоте №1 – GSM, №3 – AI, №4 – AO, №5 – WIFIBT, №7 – DI, №8 – DOOC, №9 и №10 – DOS, №11 и №12 – DOR, №13 – CAN, №14 и №15 – TERM. В слотах №2, №6 и №16 модули отсутствуют. Предустановленная среда исполнения CODESYS 3.5.
A3: Модель | B3: Описание | C3: Цена без НДС | D3: Цена С НДС 22%
A4: ПЛК СТАБУР 05 (Х+Х+Х+PS24+Х+Х+Х+Х) | B4: Программируемый логический контроллер ПЛК СТАБУР 05 (Х+Х+Х+PS24+Х+Х+Х+Х), Пластиковый корпус. Процессор 4х-ядерный ARM v8.2-A Cortex-A55, 64 бит, 2 ГГц; Видеоускоритель Mali-G52; ОЗУ 1 ГБ DDR4 1600 МГц 2 канала; FLASH память 4ГБ eMMC HS200; 1x слот microSD, 1x мини-USB OTG, часы реального времени. Дисплей 5.0'' TFT (800х480). Модуль расширения PS24 — модуль питания 24В установлен в слот №4. Корпус для крепления на щит, габаритные размеры, мм 140x140x88. Возможность установки до 7 модулей расширения. Предустановленная среда исполнения CODESYS 3.5 | C4: 27200 | D4: =C4*1.22 -> 33184
A5: ПЛК СТАБУР 05 4/32 (Х+Х+Х+PS24+Х+Х+Х+Х) | B5: Программируемый логический контроллер ПЛК СТАБУР 05 (Х+Х+Х+PS24+Х+Х+Х+Х), Пластиковый корпус. Процессор 4х-ядерный ARM v8.2-A Cortex-A55, 64 бит, 2 ГГц; Видеоускоритель Mali-G52; ОЗУ 4 ГБ DDR4 1600 МГц 2 канала; FLASH память 32 ГБ eMMC HS200; 1x слот microSD, 1x мини-USB OTG, часы реального времени. Дисплей 5.0'' TFT (800х480). Модуль расширения PS24 — модуль питания 24В установлен в слот №4. Корпус для крепления на щит, габаритные размеры, мм 140x140x88. Возможность установки до 7 модулей расширения. Предустановленная среда исполнения CODESYS 3.5 | C5: 37200 | D5: =C5*1.22 -> 45384
A6: ПЛК СТАБУР 07 (Х+Х+Х+PS24+Х+Х+Х+Х) | B6: Программируемый логический контроллер ПЛК СТАБУР 07 (Х+Х+Х+PS24+Х+Х+Х+Х), Пластиковый корпус. Процессор 4х-ядерный ARM v8.2-A Cortex-A55, 64 бит, 2 ГГц; Видеоускоритель Mali-G52; ОЗУ 1 ГБ DDR4 1600 МГц 2 канала; FLASH память 4ГБ eMMC HS200; 1x слот microSD, 1x мини-USB OTG, часы реального времени. Дисплей 7.0'' TFT (800х480). Модуль расширения PS24 — модуль питания 24В установлен в слот №4.Корпус для крепления на щит, габаритные размеры, мм 185х160х91. Возможность установки до 7 модулей расширения. Предустановленная среда исполнения CODESYS 3.5 | C6: 35000 | D6: =C6*1.22 -> 42700
A7: ПЛК СТАБУР 07 4/32 (Х+Х+Х+PS24+Х+Х+Х+Х) | B7: Программируемый логический контроллер ПЛК СТАБУР 07 (Х+Х+Х+PS24+Х+Х+Х+Х), Пластиковый корпус. Процессор 4х-ядерный ARM v8.2-A Cortex-A55, 64 бит, 2 ГГц; Видеоускоритель Mali-G52; ОЗУ 4 ГБ DDR4 1600 МГц 2 канала; FLASH память 32 ГБ eMMC HS200; 1x слот microSD, 1x мини-USB OTG, часы реального времени. Дисплей 7.0'' TFT (800х480). Модуль расширения PS24 — модуль питания 24В установлен в слот №4.Корпус для крепления на щит, габаритные размеры, мм 185х160х91. Возможность установки до 7 модулей расширения. Предустановленная среда исполнения CODESYS 3.5 | C7: 45000 | D7: =C7*1.22 -> 54900
A8: ПЛК СТАБУР 10 | B8: Программируемый логический контроллер ПЛК СТАБУР 10. Металлический корпус. Процессор 4х-ядерный ARM v8.2-A Cortex-A55, 64 бит, 2 ГГц; Видеоускоритель Mali-G52; ОЗУ 1 ГБ DDR4 1600 МГц 2 канала; FLASH память 4ГБ eMMC HS200; 1x слот microSD, 1x мини-USB OTG, часы реального времени. Дисплей 10.4'' TFT (1024х768); корпус для крепления на щит или на кронштейн 75х75 (VESA), габаритные размеры, мм 289х210х58, интерфейсы 1х Ethernet 10/100, 1х RS-232, 3х RS-485, 1х USB 2.0 HOST, 1х аудио вход, 1х аудио выход. Без корзин для модулей расширения. Предустановленная среда исполнения CODESYS 3.5 | C8: 49000 | D8: =C8*1.22 -> 59780
A9: ПЛК СТАБУР 10 4/32 | B9: Программируемый логический контроллер ПЛК СТАБУР 10. Металлический корпус. Процессор 4х-ядерный ARM v8.2-A Cortex-A55, 64 бит, 2 ГГц; Видеоускоритель Mali-G52; ОЗУ 4 ГБ DDR4 1600 МГц 2 канала; FLASH память 32 ГБ eMMC HS200; 1x слот microSD, 1x мини-USB OTG, часы реального времени. Дисплей 10.4'' TFT (1024х768); корпус для крепления на щит или на кронштейн 75х75 (VESA), габаритные размеры, мм 289х210х58, интерфейсы 1х Ethernet 10/100, 1х RS-232, 3х RS-485, 1х USB 2.0 HOST, 1х аудио вход, 1х аудио выход. Без корзин для модулей расширения. Предустановленная среда исполнения CODESYS 3.5 | C9: 59000 | D9: =C9*1.22 -> 71980
A10: ПЛК СТАБУР 10 (Х+Х+Х+PS24+Х+Х+Х+Х) | B10: Программируемый логический контроллер ПЛК СТАБУР 10 (Х+Х+Х+PS24+Х+Х+Х+Х), Пластиковый корпус. Процессор 4х-ядерный ARM v8.2-A Cortex-A55, 64 бит, 2 ГГц; Видеоускоритель Mali-G52; ОЗУ 1 ГБ DDR4 1600 МГц 2 канала; FLASH память 4ГБ eMMC HS200; 1x слот microSD, 1x мини-USB OTG, часы реального времени. Дисплей 10.1'' TFT (1024х600). Модуль расширения PS24 — модуль питания 24В установлен в слот №4.Корпус для крепления на щит, габаритные размеры, мм 260х210х93. Возможность установки до 7 модулей расширения. Предустановленная среда исполнения CODESYS 3.5 | C10: 42000 | D10: =C10*1.22 -> 51240
A11: ПЛК СТАБУР 10 4/32 (Х+Х+Х+PS24+Х+Х+Х+Х) | B11: Программируемый логический контроллер ПЛК СТАБУР 10 (Х+Х+Х+PS24+Х+Х+Х+Х), Пластиковый корпус. Процессор 4х-ядерный ARM v8.2-A Cortex-A55, 64 бит, 2 ГГц; Видеоускоритель Mali-G52; ОЗУ 4 ГБ DDR4 1600 МГц 2 канала; FLASH память 32 ГБ eMMC HS200; 1x слот microSD, 1x мини-USB OTG, часы реального времени. Дисплей 10.1'' TFT (1024х600). Модуль расширения PS24 — модуль питания 24В установлен в слот №4.Корпус для крепления на щит, габаритные размеры, мм 260х210х93. Возможность установки до 7 модулей расширения. Предустановленная среда исполнения CODESYS 3.5 | C11: 52000 | D11: =C11*1.22 -> 63440
A12: ПЛК СТАБУР 12 | B12: Программируемый логический контроллер ПЛК СТАБУР 12. Металлический корпус. Процессор 4х-ядерный ARM v8.2-A Cortex-A55, 64 бит, 2 ГГц; Видеоускоритель Mali-G52; ОЗУ 1 ГБ DDR4 1600 МГц 2 канала; FLASH память 4ГБ eMMC HS200; 1x слот microSD, 1x мини-USB OTG, часы реального времени. Дисплей 12.1'' TFT (1024х768); корпус для крепления на щит или на кронштейн 75х75 (VESA), габаритные размеры, мм 293х267х45, интерфейсы 1х Ethernet 10/100, 1х RS-232, 3х RS-485, 1х USB 2.0 HOST, 1х аудио вход, 1х аудио выход. Без корзин для модулей расширения. Предустановленная среда исполнения CODESYS 3.5 | C12: 53750 | D12: =C12*1.22 -> 65575
A13: ПЛК СТАБУР 12 4/32 | B13: Программируемый логический контроллер ПЛК СТАБУР 12. Металлический корпус. Процессор 4х-ядерный ARM v8.2-A Cortex-A55, 64 бит, 2 ГГц; Видеоускоритель Mali-G52; ОЗУ 4 ГБ DDR4 1600 МГц 2 канала; FLASH память 32 ГБ eMMC HS200; 1x слот microSD, 1x мини-USB OTG, часы реального времени. Дисплей 12.1'' TFT (1024х768); корпус для крепления на щит или на кронштейн 75х75 (VESA), габаритные размеры, мм 293х267х45, интерфейсы 1х Ethernet 10/100, 1х RS-232, 3х RS-485, 1х USB 2.0 HOST, 1х аудио вход, 1х аудио выход. Без корзин для модулей расширения. Предустановленная среда исполнения CODESYS 3.5 | C13: 63750 | D13: =C13*1.22 -> 77775
A14: ПЛК СТАБУР 12 (Х+Х+Х+Х+Х+Х+Х+Х) | B14: Программируемый логический контроллер ПЛК СТАБУР 12. Процессор 4х-ядерный ARM v8.2-A Cortex-A55, 64 бит, 2 ГГц; Видеоускоритель Mali-G52; ОЗУ 1 ГБ DDR4 1600 МГц 2 канала; FLASH память 4ГБ eMMC HS200; 1x слот microSD, 1x мини-USB OTG, часы реального времени. Дисплей 12.1'' TFT (1024х768); корпус для крепления на щит, габаритные размеры, мм 293х267х94, интерфейсы 1х Ethernet 10/100, 1х RS-232, 3х RS-485, 1х USB 2.0 HOST, 1х аудио вход, 1х аудио выход. 1 корзина на 8 модулей расширения. Предустановленная среда исполнения CODESYS 3.5 | C14: 53750 | D14: =C14*1.22 -> 65575
A15: ПЛК СТАБУР 12 4/32 (Х+Х+Х+Х+Х+Х+Х+Х) | B15: Программируемый логический контроллер ПЛК СТАБУР 12. Процессор 4х-ядерный ARM v8.2-A Cortex-A55, 64 бит, 2 ГГц; Видеоускоритель Mali-G52; ОЗУ 4 ГБ DDR4 1600 МГц 2 канала; FLASH память 32 ГБ eMMC HS200; 1x слот microSD, 1x мини-USB OTG, часы реального времени. Дисплей 12.1'' TFT (1024х768); корпус для крепления на щит, габаритные размеры, мм 293х267х94, интерфейсы 1х Ethernet 10/100, 1х RS-232, 3х RS-485, 1х USB 2.0 HOST, 1х аудио вход, 1х аудио выход. 1 корзина на 8 модулей расширения. Предустановленная среда исполнения CODESYS 3.5 | C15: 63750 | D15: =C15*1.22 -> 77775
... A47: ПЛК СТАБУР 24 4/32 (Х+Х+Х+Х+Х+Х+Х+Х+Х+Х+Х+Х+Х+Х+Х+Х) | B47: Программируемый логический контроллер ПЛК СТАБУР 24. Процессор 4х-ядерный ARM v8.2-A Cortex-A55, 64 бит, 2 ГГц; Видеоускоритель Mali-G52; ОЗУ 4 ГБ DDR4 1600 МГц 2 канала; FLASH память 32 ГБ eMMC HS200; 1x слот microSD, 1x мини-USB OTG, часы реального времени. Дисплей 24'' TFT (1920х1080); корпус для крепления на щит, интерфейсы 1х Ethernet 10/100, 1х RS-232, 3х RS-485, 1х USB 2.0 HOST, 1х аудио вход, 1х аудио выход. 2 корзины по 8 модулей расширения. Предустановленная среда исполнения CODESYS 3.5 | C47: 134500 | D47: =C47*1.22 -> 164090

Sheet ПЛК СТАБУР 05-24 MasterSCADA 4D
A1: ='ПЛК СТАБУР 05-24 CODESYS'!A1 -> 12.03.2026 Прайс лист на продукцию ПЛК/ПО/ПК СТАБУР ООО ПО «Промсвязь»
A2: Примеры полного условного обозначения прибора: ПЛК СТАБУР 21.M0K5 – программируемый логический контроллер СТАБУР с экраном размером 21,5'', без модулей ввода-вывода и без корзины для их установки. Предустановленная среда исполнения MasterSCADA 4D на 500 точек. ПЛК СТАБУР 05.M2K5 (ETH232+AI+AO+PS24+WIFIBT+DI+DOOC+X) – программируемый логический контроллер СТАБУР с экраном размером 5'', с одной корзиной для модулей с установленными модулями: в слоте №1 – ETH232, №2 – AI №3 – AO, №4 – PS24, №5 – WIFIBT, №6 – DI, №7 – DOOC. В слоте №8 модули отсутствуют. Предустановленная среда исполнения MasterSCADA 4D на 2500 точек. ПЛК СТАБУР 17.M5K0 (GSM+X+AI+AO+WIFIBT+X+DI+DOOC+DOS+DOS+DOR+DOR+CAN+TERM+TERM+X) – программируемый логический контроллер СТАБУР с экраном размером 17'', с двумя корзинами для модулей, с установленными модулями: в слоте №1 – GSM, №3 – AI, №4 – AO, №5 – WIFIBT, №7 – DI, №8 – DOOC, №9 и №10 – DOS, №11 и №12 – DOR, №13 – CAN, №14 и №15 – TERM. В слотах №2, №6 и №16 модули отсутствуют. Предустановленная среда исполнения MasterSCADA 4D на 5000 точек.
A3: Модель | B3: Описание | C3: Цена без НДС | D3: Цена С НДС 22%
A4: ПЛК СТАБУР 05.М0K5 (Х+Х+Х+PS24+Х+Х+Х+Х) | B4: Программируемый логический контроллер ПЛК СТАБУР 05 (Х+Х+Х+PS24+Х+Х+Х+Х), Пластиковый корпус. Процессор 4х-ядерный ARM v8.2-A Cortex-A55, 64 бит, 2 ГГц; Видеоускоритель Mali-G52; ОЗУ 1 ГБ DDR4 1600 МГц 2 канала; FLASH память 4ГБ eMMC HS200; 1x слот microSD, 1x мини-USB OTG, часы реального времени. Дисплей 5.0'' TFT (800х480). Модуль расширения PS24 — модуль питания 24В установлен в слот №4. Корпус для крепления на щит, габаритные размеры, мм 140x140x88. Возможность установки до 7 модулей расширения. Предустановленная среда исполнения MasterSCADA 4D комплектация базовая на 500 точек | C4: 42200 | D4: =C4*1.22 -> 51484
A5: ПЛК СТАБУР 05.М0K5 4/32 (Х+Х+Х+PS24+Х+Х+Х+Х) | B5: Программируемый логический контроллер ПЛК СТАБУР 05 (Х+Х+Х+PS24+Х+Х+Х+Х), Пластиковый корпус. Процессор 4х-ядерный ARM v8.2-A Cortex-A55, 64 бит, 2 ГГц; Видеоускоритель Mali-G52; ОЗУ 4 ГБ DDR4 1600 МГц 2 канала; FLASH память 32 ГБ eMMC HS200; 1x слот microSD, 1x мини-USB OTG, часы реального времени. Дисплей 5.0'' TFT (800х480). Модуль расширения PS24 — модуль питания 24В установлен в слот №4. Корпус для крепления на щит, габаритные размеры, мм 140x140x88. Возможность установки до 7 модулей расширения. Предустановленная среда исполнения MasterSCADA 4D комплектация базовая на 500 точек | C5: 52200 | D5: =C5*1.22 -> 63684
A6: ПЛК СТАБУР 05.М1K0 (Х+Х+Х+PS24+Х+Х+Х+Х) | B6: Программируемый логический контроллер ПЛК СТАБУР 05 (Х+Х+Х+PS24+Х+Х+Х+Х), Пластиковый корпус. Процессор 4х-ядерный ARM v8.2-A Cortex-A55, 64 бит, 2 ГГц; Видеоускоритель Mali-G52; ОЗУ 1 ГБ DDR4 1600 МГц 2 канала; FLASH память 4ГБ eMMC HS200; 1x слот microSD, 1x мини-USB OTG, часы реального времени. Дисплей 5.0'' TFT (800х480). Модуль расширения PS24 — модуль питания 24В установлен в слот №4. Корпус для крепления на щит, габаритные размеры, мм 140x140x88. Возможность установки до 7 модулей расширения. Предустановленная среда исполнения MasterSCADA 4D комплектация базовая на 1000 точек | C6: 48200 | D6: =C6*1.22 -> 58804
A7: ПЛК СТАБУР 05.М1K0 4/32 (Х+Х+Х+PS24+Х+Х+Х+Х) | B7: Программируемый логический контроллер ПЛК СТАБУР 05 (Х+Х+Х+PS24+Х+Х+Х+Х), Пластиковый корпус. Процессор 4х-ядерный ARM v8.2-A Cortex-A55, 64 бит, 2 ГГц; Видеоускоритель Mali-G52; ОЗУ 4 ГБ DDR4 1600 МГц 2 канала; FLASH память 32 ГБ eMMC HS200; 1x слот microSD, 1x мини-USB OTG, часы реального времени. Дисплей 5.0'' TFT (800х480). Модуль расширения PS24 — модуль питания 24В установлен в слот №4. Корпус для крепления на щит, габаритные размеры, мм 140x140x88. Возможность установки до 7 модулей расширения. Предустановленная среда исполнения MasterSCADA 4D комплектация базовая на 1000 точек | C7: 58200 | D7: =C7*1.22 -> 71004
A8: ПЛК СТАБУР 05.М2K5 (Х+Х+Х+PS24+Х+Х+Х+Х) | B8: Программируемый логический контроллер ПЛК СТАБУР 05 (Х+Х+Х+PS24+Х+Х+Х+Х), Пластиковый корпус. Процессор 4х-ядерный ARM v8.2-A Cortex-A55, 64 бит, 2 ГГц; Видеоускоритель Mali-G52; ОЗУ 1 ГБ DDR4 1600 МГц 2 канала; FLASH память 4ГБ eMMC HS200; 1x слот microSD, 1x мини-USB OTG, часы реального времени. Дисплей 5.0'' TFT (800х480). Модуль расширения PS24 — модуль питания 24В установлен в слот №4. Корпус для крепления на щит, габаритные размеры, мм 140x140x88. Возможность установки до 7 модулей расширения. Предустановленная среда исполнения MasterSCADA 4D комплектация базовая на 2500 точек | C8: 54200 | D8: =C8*1.22 -> 66124
A9: ПЛК СТАБУР 05.М2K5 4/32 (Х+Х+Х+PS24+Х+Х+Х+Х) | B9: Программируемый логический контроллер ПЛК СТАБУР 05 (Х+Х+Х+PS24+Х+Х+Х+Х), Пластиковый корпус. Процессор 4х-ядерный ARM v8.2-A Cortex-A55, 64 бит, 2 ГГц; Видеоускоритель Mali-G52; ОЗУ 4 ГБ DDR4 1600 МГц 2 канала; FLASH память 32 ГБ eMMC HS200; 1x слот microSD, 1x мини-USB OTG, часы реального времени. Дисплей 5.0'' TFT (800х480). Модуль расширения PS24 — модуль питания 24В установлен в слот №4. Корпус для крепления на щит, габаритные размеры, мм 140x140x88. Возможность установки до 7 модулей расширения. Предустановленная среда исполнения MasterSCADA 4D комплектация базовая на 2500 точек | C9: 64200 | D9: =C9*1.22 -> 78324
A10: ПЛК СТАБУР 05.М5K0 (Х+Х+Х+PS24+Х+Х+Х+Х) | B10: Программируемый логический контроллер ПЛК СТАБУР 05 (Х+Х+Х+PS24+Х+Х+Х+Х), Пластиковый корпус. Процессор 4х-ядерный ARM v8.2-A Cortex-A55, 64 бит, 2 ГГц; Видеоускоритель Mali-G52; ОЗУ 1 ГБ DDR4 1600 МГц 2 канала; FLASH память 4ГБ eMMC HS200; 1x слот microSD, 1x мини-USB OTG, часы реального времени. Дисплей 5.0'' TFT (800х480). Модуль расширения PS24 — модуль питания 24В установлен в слот №4. Корпус для крепления на щит, габаритные размеры, мм 140x140x88. Возможность установки до 7 модулей расширения. Предустановленная среда исполнения MasterSCADA 4D комплектация базовая на 5000 точек | C10: 60200 | D10: =C10*1.22 -> 73444
A11: ПЛК СТАБУР 05.М5K0 4/32 (Х+Х+Х+PS24+Х+Х+Х+Х) | B11: Программируемый логический контроллер ПЛК СТАБУР 05 (Х+Х+Х+PS24+Х+Х+Х+Х), Пластиковый корпус. Процессор 4х-ядерный ARM v8.2-A Cortex-A55, 64 бит, 2 ГГц; Видеоускоритель Mali-G52; ОЗУ 4 ГБ DDR4 1600 МГц 2 канала; FLASH память 32 ГБ eMMC HS200; 1x слот microSD, 1x мини-USB OTG, часы реального времени. Дисплей 5.0'' TFT (800х480). Модуль расширения PS24 — модуль питания 24В установлен в слот №4. Корпус для крепления на щит, габаритные размеры, мм 140x140x88. Возможность установки до 7 модулей расширения. Предустановленная среда исполнения MasterSCADA 4D комплектация базовая на 5000 точек | C11: 70200 | D11: =C11*1.22 -> 85644
A12: ПЛК СТАБУР 05.М10К 4/32 (Х+Х+Х+PS24+Х+Х+Х+Х) | B12: Программируемый логический контроллер ПЛК СТАБУР 05 (Х+Х+Х+PS24+Х+Х+Х+Х), Пластиковый корпус. Процессор 4х-ядерный ARM v8.2-A Cortex-A55, 64 бит, 2 ГГц; Видеоускоритель Mali-G52; ОЗУ 4 ГБ DDR4 1600 МГц 2 канала; FLASH память 32 ГБ eMMC HS200; 1x слот microSD, 1x мини-USB OTG, часы реального времени. Дисплей 5.0'' TFT (800х480). Модуль расширения PS24 — модуль питания 24В установлен в слот №4. Корпус для крепления на щит, габаритные размеры, мм 140x140x88. Возможность установки до 7 модулей расширения. Предустановленная среда исполнения MasterSCADA 4D комплектация базовая на 10000 точек | E12: по запросу
A13: ПЛК СТАБУР 07.М0K5 (Х+Х+Х+PS24+Х+Х+Х+Х) | B13: Программируемый логический контроллер ПЛК СТАБУР 07 (Х+Х+Х+PS24+Х+Х+Х+Х), Пластиковый корпус. Процессор 4х-ядерный ARM v8.2-A Cortex-A55, 64 бит, 2 ГГц; Видеоускоритель Mali-G52; ОЗУ 1 ГБ DDR4 1600 МГц 2 канала; FLASH память 4ГБ eMMC HS200; 1x слот microSD, 1x мини-USB OTG, часы реального времени. Дисплей 7.0'' TFT (800х480). Модуль расширения PS24 — модуль питания 24В установлен в слот №4.Корпус для крепления на щит, габаритные размеры, мм 185х160х91. Возможность установки до 7 модулей расширения. Предустановленная среда исполнения MasterSCADA 4D комплектация базовая на 500 точек, | C13: 50000 | D13: =C13*1.22 -> 61000
A14: ПЛК СТАБУР 07.М0K5 4/32 (Х+Х+Х+PS24+Х+Х+Х+Х) | B14: Программируемый логический контроллер ПЛК СТАБУР 07 (Х+Х+Х+PS24+Х+Х+Х+Х), Пластиковый корпус. Процессор 4х-ядерный ARM v8.2-A Cortex-A55, 64 бит, 2 ГГц; Видеоускоритель Mali-G52; ОЗУ 4 ГБ DDR4 1600 МГц 2 канала; FLASH память 32 ГБ eMMC HS200; 1x слот microSD, 1x мини-USB OTG, часы реального времени. Дисплей 7.0'' TFT (800х480). Модуль расширения PS24 — модуль питания 24В установлен в слот №4.Корпус для крепления на щит, габаритные размеры, мм 185х160х91. Возможность установки до 7 модулей расширения. Предустановленная среда исполнения MasterSCADA 4D комплектация базовая на 500 точек, | C14: 60000 | D14: =C14*1.22 -> 73200
A15: ПЛК СТАБУР 07.М1K0 (Х+Х+Х+PS24+Х+Х+Х+Х) | B15: Программируемый логический контроллер ПЛК СТАБУР 07 (Х+Х+Х+PS24+Х+Х+Х+Х), Пластиковый корпус. Процессор 4х-ядерный ARM v8.2-A Cortex-A55, 64 бит, 2 ГГц; Видеоускоритель Mali-G52; ОЗУ 1 ГБ DDR4 1600 МГц 2 канала; FLASH память 4ГБ eMMC HS200; 1x слот microSD, 1x мини-USB OTG, часы реального времени. Дисплей 7.0'' TFT (800х480). Модуль расширения PS24 — модуль питания 24В установлен в слот №4.Корпус для крепления на щит, габаритные размеры, мм 185х160х91. Возможность установки до 7 модулей расширения. Предустановленная среда исполнения MasterSCADA 4D комплектация базовая на 1000 точек, клиент визуализации | C15: 56000 | D15: =C15*1.22 -> 68320
A16: ПЛК СТАБУР 07.М1K0 4/32 (Х+Х+Х+PS24+Х+Х+Х+Х) | B16: Программируемый логический контроллер ПЛК СТАБУР 07 (Х+Х+Х+PS24+Х+Х+Х+Х), Пластиковый корпус. Процессор 4х-ядерный ARM v8.2-A Cortex-A55, 64 бит, 2 ГГц; Видеоускоритель Mali-G52; ОЗУ 4 ГБ DDR4 1600 МГц 2 канала; FLASH память 32 ГБ eMMC HS200; 1x слот microSD, 1x мини-USB OTG, часы реального времени. Дисплей 7.0'' TFT (800х480). Модуль расширения PS24 — модуль питания 24В установлен в слот №4.Корпус для крепления на щит, габаритные размеры, мм 185х160х91. Возможность установки до 7 модулей расширения. Предустановленная среда исполнения MasterSCADA 4D комплектация базовая на 1000 точек, клиент визуализации | C16: 66000 | D16: =C16*1.22 -> 80520
A17: ПЛК СТАБУР 07.М2K5 (Х+Х+Х+PS24+Х+Х+Х+Х) | B17: Программируемый логический контроллер ПЛК СТАБУР 07 (Х+Х+Х+PS24+Х+Х+Х+Х), Пластиковый корпус. Процессор 4х-ядерный ARM v8.2-A Cortex-A55, 64 бит, 2 ГГц; Видеоускоритель Mali-G52; ОЗУ 1 ГБ DDR4 1600 МГц 2 канала; FLASH память 4ГБ eMMC HS200; 1x слот microSD, 1x мини-USB OTG, часы реального времени. Дисплей 7.0'' TFT (800х480). Модуль расширения PS24 — модуль питания 24В установлен в слот №4.Корпус для крепления на щит, габаритные размеры, мм 185х160х91. Возможность установки до 7 модулей расширения. Предустановленная среда исполнения MasterSCADA 4D комплектация базовая на 2500 точек, клиент визуализации | C17: 62000 | D17: =C17*1.22 -> 75640
A18: ПЛК СТАБУР 07.М2K5 4/32 (Х+Х+Х+PS24+Х+Х+Х+Х) | B18: Программируемый логический контроллер ПЛК СТАБУР 07 (Х+Х+Х+PS24+Х+Х+Х+Х), Пластиковый корпус. Процессор 4х-ядерный ARM v8.2-A Cortex-A55, 64 бит, 2 ГГц; Видеоускоритель Mali-G52; ОЗУ 1 ГБ DDR4 1600 МГц 2 канала; FLASH память 4ГБ eMMC HS200; 1x слот microSD, 1x мини-USB OTG, часы реального времени. Дисплей 7.0'' TFT (800х480). Модуль расширения PS24 — модуль питания 24В установлен в слот №4.Корпус для крепления на щит, габаритные размеры, мм 185х160х91. Возможность установки до 7 модулей расширения. Предустановленная среда исполнения MasterSCADA 4D комплектация базовая на 2500 точек, клиент визуализации | C18: 72000 | D18: =C18*1.22 -> 87840
A19: ПЛК СТАБУР 07.М5K0 (Х+Х+Х+PS24+Х+Х+Х+Х) | B19: Программируемый логический контроллер ПЛК СТАБУР 07 (Х+Х+Х+PS24+Х+Х+Х+Х), Пластиковый корпус. Процессор 4х-ядерный ARM v8.2-A Cortex-A55, 64 бит, 2 ГГц; Видеоускоритель Mali-G52; ОЗУ 1 ГБ DDR4 1600 МГц 2 канала; FLASH память 4ГБ eMMC HS200; 1x слот microSD, 1x мини-USB OTG, часы реального времени. Дисплей 7.0'' TFT (800х480). Модуль расширения PS24 — модуль питания 24В установлен в слот №4.Корпус для крепления на щит, габаритные размеры, мм 185х160х91. Возможность установки до 7 модулей расширения. Предустановленная среда исполнения MasterSCADA 4D комплектация базовая на 5000 точек, клиент визуализации | C19: 68000 | D19: =C19*1.22 -> 82960
A20: ПЛК СТАБУР 07.М5K0 4/32 (Х+Х+Х+PS24+Х+Х+Х+Х) | B20: Программируемый логический контроллер ПЛК СТАБУР 07 (Х+Х+Х+PS24+Х+Х+Х+Х), Пластиковый корпус. Процессор 4х-ядерный ARM v8.2-A Cortex-A55, 64 бит, 2 ГГц; Видеоускоритель Mali-G52; ОЗУ 4 ГБ DDR4 1600 МГц 2 канала; FLASH память 32 ГБ eMMC HS200; 1x слот microSD, 1x мини-USB OTG, часы реального времени. Дисплей 7.0'' TFT (800х480). Модуль расширения PS24 — модуль питания 24В установлен в слот №4.Корпус для крепления на щит, габаритные размеры, мм 185х160х91. Возможность установки до 7 модулей расширения. Предустановленная среда исполнения MasterSCADA 4D комплектация базовая на 5000 точек, клиент визуализации | C20: 78000 | D20: =C20*1.22 -> 95160
A21: ПЛК СТАБУР 07.М10К 4/32 (Х+Х+Х+PS24+Х+Х+Х+Х) | B21: Программируемый логический контроллер ПЛК СТАБУР 07 (Х+Х+Х+PS24+Х+Х+Х+Х), Пластиковый корпус. Процессор 4х-ядерный ARM v8.2-A Cortex-A55, 64 бит, 2 ГГц; Видеоускоритель Mali-G52; ОЗУ 4 ГБ DDR4 1600 МГц 2 канала; FLASH память 32 ГБ eMMC HS200; 1x слот microSD, 1x мини-USB OTG, часы реального времени. Дисплей 7.0'' TFT (800х480). Модуль расширения PS24 — модуль питания 24В установлен в слот №4.Корпус для крепления на щит, габаритные размеры, мм 185х160х91. Возможность установки до 7 модулей расширения. Предустановленная среда исполнения MasterSCADA 4D комплектация базовая на 10000 точек, клиент визуализации | E21: по запросу
A22: ПЛК СТАБУР 10.М0K5 | B22: Программируемый логический контроллер ПЛК СТАБУР 10. Металлический корпус. Процессор 4х-ядерный ARM v8.2-A Cortex-A55, 64 бит, 2 ГГц; Видеоускоритель Mali-G52; ОЗУ 1 ГБ DDR4 1600 МГц 2 канала; FLASH память 4ГБ eMMC HS200; 1x слот microSD, 1x мини-USB OTG, часы реального времени. Дисплей 10.4'' TFT (1024х768); корпус для крепления на щит или на кронштейн 75х75 (VESA), габаритные размеры, мм 289х210х58, интерфейсы 1х Ethernet 10/100, 1х RS-232, 3х RS-485, 1х USB 2.0 HOST, 1х аудио вход, 1х аудио выход. Без корзин для модулей расширения. Предустановленная среда исполнения MasterSCADA 4D комплектация базовая на 500 точек, клиент визуализации | C22: 64000 | D22: =C22*1.22 -> 78080
A23: ПЛК СТАБУР 10.М0K5 4/32 | B23: Программируемый логический контроллер ПЛК СТАБУР 10. Металлический корпус. Процессор 4х-ядерный ARM v8.2-A Cortex-A55, 64 бит, 2 ГГц; Видеоускоритель Mali-G52; ОЗУ 4 ГБ DDR4 1600 МГц 2 канала; FLASH память 32 ГБ eMMC HS200; 1x слот microSD, 1x мини-USB OTG, часы реального времени. Дисплей 10.4'' TFT (1024х768); корпус для крепления на щит или на кронштейн 75х75 (VESA), габаритные размеры, мм 289х210х58, интерфейсы 1х Ethernet 10/100, 1х RS-232, 3х RS-485, 1х USB 2.0 HOST, 1х аудио вход, 1х аудио выход. Без корзин для модулей расширения. Предустановленная среда исполнения MasterSCADA 4D комплектация базовая на 500 точек, клиент визуализации | C23: 74000 | D23: =C23*1.22 -> 90280
A24: ПЛК СТАБУР 10.М1K0 | B24: Программируемый логический контроллер ПЛК СТАБУР 10. Металлический корпус. Процессор 4х-ядерный ARM v8.2-A Cortex-A55, 64 бит, 2 ГГц; Видеоускоритель Mali-G52; ОЗУ 1 ГБ DDR4 1600 МГц 2 канала; FLASH память 4ГБ eMMC HS200; 1x слот microSD, 1x мини-USB OTG, часы реального времени. Дисплей 10.4'' TFT (1024х768); корпус для крепления на щит или на кронштейн 75х75 (VESA), габаритные размеры, мм 289х210х58, интерфейсы 1х Ethernet 10/100, 1х RS-232, 3х RS-485, 1х USB 2.0 HOST, 1х аудио вход, 1х аудио выход. Без корзин для модулей расширения. Предустановленная среда исполнения MasterSCADA 4D комплектация базовая на 1000 точек, клиент визуализации | C24: 70000 | D24: =C24*1.22 -> 85400
A25: ПЛК СТАБУР 10.М1K0 4/32 | B25: Программируемый логический контроллер ПЛК СТАБУР 10. Металлический корпус. Процессор 4х-ядерный ARM v8.2-A Cortex-A55, 64 бит, 2 ГГц; Видеоускоритель Mali-G52; ОЗУ 4 ГБ DDR4 1600 МГц 2 канала; FLASH память 32 ГБ eMMC HS200; 1x слот microSD, 1x мини-USB OTG, часы реального времени. Дисплей 10.4'' TFT (1024х768); корпус для крепления на щит или на кронштейн 75х75 (VESA), габаритные размеры, мм 289х210х58, интерфейсы 1х Ethernet 10/100, 1х RS-232, 3х RS-485, 1х USB 2.0 HOST, 1х аудио вход, 1х аудио выход. Без корзин для модулей расширения. Предустановленная среда исполнения MasterSCADA 4D комплектация базовая на 1000 точек, клиент визуализации | C25: 80000 | D25: =C25*1.22 -> 97600
A26: ПЛК СТАБУР 10.М2K5 | B26: Программируемый логический контроллер ПЛК СТАБУР 10. Металлический корпус. Процессор 4х-ядерный ARM v8.2-A Cortex-A55, 64 бит, 2 ГГц; Видеоускоритель Mali-G52; ОЗУ 1 ГБ DDR4 1600 МГц 2 канала; FLASH память 4ГБ eMMC HS200; 1x слот microSD, 1x мини-USB OTG, часы реального времени. Дисплей 10.4'' TFT (1024х768); корпус для крепления на щит или на кронштейн 75х75 (VESA), габаритные размеры, мм 289х210х58, интерфейсы 1х Ethernet 10/100, 1х RS-232, 3х RS-485, 1х USB 2.0 HOST, 1х аудио вход, 1х аудио выход. Без корзин для модулей расширения. Предустановленная среда исполнения MasterSCADA 4D комплектация базовая на 2500 точек, клиент визуализации | C26: 76000 | D26: =C26*1.22 -> 92720
A27: ПЛК СТАБУР 10.М2K5 4/32 | B27: Программируемый логический контроллер ПЛК СТАБУР 10. Металлический корпус. Процессор 4х-ядерный ARM v8.2-A Cortex-A55, 64 бит, 2 ГГц; Видеоускоритель Mali-G52; ОЗУ 4 ГБ DDR4 1600 МГц 2 канала; FLASH память 32 ГБ eMMC HS200; 1x слот microSD, 1x мини-USB OTG, часы реального времени. Дисплей 10.4'' TFT (1024х768); корпус для крепления на щит или на кронштейн 75х75 (VESA), габаритные размеры, мм 289х210х58, интерфейсы 1х Ethernet 10/100, 1х RS-232, 3х RS-485, 1х USB 2.0 HOST, 1х аудио вход, 1х аудио выход. Без корзин для модулей расширения. Предустановленная среда исполнения MasterSCADA 4D комплектация базовая на 2500 точек, клиент визуализации | C27: 86000 | D27: =C27*1.22 -> 104920
A28: ПЛК СТАБУР 10.М5K0 | B28: Программируемый логический контроллер ПЛК СТАБУР 10. Металлический корпус. Процессор 4х-ядерный ARM v8.2-A Cortex-A55, 64 бит, 2 ГГц; Видеоускоритель Mali-G52; ОЗУ 1 ГБ DDR4 1600 МГц 2 канала; FLASH память 4ГБ eMMC HS200; 1x слот microSD, 1x мини-USB OTG, часы реального времени. Дисплей 10.4'' TFT (1024х768); корпус для крепления на щит или на кронштейн 75х75 (VESA), габаритные размеры, мм 289х210х58, интерфейсы 1х Ethernet 10/100, 1х RS-232, 3х RS-485, 1х USB 2.0 HOST, 1х аудио вход, 1х аудио выход. Без корзин для модулей расширения. Предустановленная среда исполнения MasterSCADA 4D комплектация базовая на 5000 точек, клиент визуализации | C28: 82000 | D28: =C28*1.22 -> 100040
A29: ПЛК СТАБУР 10.М5K0 4/32 | B29: Программируемый логический контроллер ПЛК СТАБУР 10. Металлический корпус. Процессор 4х-ядерный ARM v8.2-A Cortex-A55, 64 бит, 2 ГГц; Видеоускоритель Mali-G52; ОЗУ 4 ГБ DDR4 1600 МГц 2 канала; FLASH память 32 ГБ eMMC HS200; 1x слот microSD, 1x мини-USB OTG, часы реального времени. Дисплей 10.4'' TFT (1024х768); корпус для крепления на щит или на кронштейн 75х75 (VESA), габаритные размеры, мм 289х210х58, интерфейсы 1х Ethernet 10/100, 1х RS-232, 3х RS-485, 1х USB 2.0 HOST, 1х аудио вход, 1х аудио выход. Без корзин для модулей расширения. Предустановленная среда исполнения MasterSCADA 4D комплектация базовая на 5000 точек, клиент визуализации | C29: 92000 | D29: =C29*1.22 -> 112240
A30: ПЛК СТАБУР 10.М10К 4/32 | B30: Программируемый логический контроллер ПЛК СТАБУР 10. Металлический корпус. Процессор 4х-ядерный ARM v8.2-A Cortex-A55, 64 бит, 2 ГГц; Видеоускоритель Mali-G52; ОЗУ 4 ГБ DDR4 1600 МГц 2 канала; FLASH память 32 ГБ eMMC HS200; 1x слот microSD, 1x мини-USB OTG, часы реального времени. Дисплей 10.4'' TFT (1024х768); корпус для крепления на щит или на кронштейн 75х75 (VESA), габаритные размеры, мм 289х210х58, интерфейсы 1х Ethernet 10/100, 1х RS-232, 3х RS-485, 1х USB 2.0 HOST, 1х аудио вход, 1х аудио выход. Без корзин для модулей расширения. Предустановленная среда исполнения MasterSCADA 4D комплектация базовая на 10000 точек, клиент визуализации | E30: по запросу
A31: ПЛК СТАБУР 10.М0K5 (Х+Х+Х+PS24+Х+Х+Х+Х) | B31: Программируемый логический контроллер ПЛК СТАБУР 10 (Х+Х+Х+PS24+Х+Х+Х+Х), Пластиковый корпус. Процессор 4х-ядерный ARM v8.2-A Cortex-A55, 64 бит, 2 ГГц; Видеоускоритель Mali-G52; ОЗУ 1 ГБ DDR4 1600 МГц 2 канала; FLASH память 4ГБ eMMC HS200; 1x слот microSD, 1x мини-USB OTG, часы реального времени. Дисплей 10.1'' TFT (1024х600). Модуль расширения PS24 — модуль питания 24В установлен в слот №4.Корпус для крепления на щит, габаритные размеры, мм 260х210х93. Возможность установки до 7 модулей расширения. Предустановленная среда исполнения MasterSCADA 4D комплектация базовая на 500 точек, клиент визуализации | C31: 57000 | D31: =C31*1.22 -> 69540
A32: ПЛК СТАБУР 10.М0K5 4/32 (Х+Х+Х+PS24+Х+Х+Х+Х) | B32: Программируемый логический контроллер ПЛК СТАБУР 10 (Х+Х+Х+PS24+Х+Х+Х+Х), Пластиковый корпус. Процессор 4х-ядерный ARM v8.2-A Cortex-A55, 64 бит, 2 ГГц; Видеоускоритель Mali-G52; ОЗУ 4 ГБ DDR4 1600 МГц 2 канала; FLASH память 32 ГБ eMMC HS200; 1x слот microSD, 1x мини-USB OTG, часы реального времени. Дисплей 10.1'' TFT (1024х600). Модуль расширения PS24 — модуль питания 24В установлен в слот №4.Корпус для крепления на щит, габаритные размеры, мм 260х210х93. Возможность установки до 7 модулей расширения. Предустановленная среда исполнения MasterSCADA 4D комплектация базовая на 500 точек, клиент визуализации | C32: 67000 | D32: =C32*1.22 -> 81740
A33: ПЛК СТАБУР 10.М1K0 (Х+Х+Х+PS24+Х+Х+Х+Х) | B33: Программируемый логический контроллер ПЛК СТАБУР 10 (Х+Х+Х+PS24+Х+Х+Х+Х), Пластиковый корпус. Процессор 4х-ядерный ARM v8.2-A Cortex-A55, 64 бит, 2 ГГц; Видеоускоритель Mali-G52; ОЗУ 1 ГБ DDR4 1600 МГц 2 канала; FLASH память 4ГБ eMMC HS200; 1x слот microSD, 1x мини-USB OTG, часы реального времени. Дисплей 10.1'' TFT (1024х600). Модуль расширения PS24 — модуль питания 24В установлен в слот №4.Корпус для крепления на щит, габаритные размеры, мм 260х210х93. Возможность установки до 7 модулей расширения. Предустановленная среда исполнения MasterSCADA 4D комплектация базовая на 1000 точек, клиент визуализации | C33: 63000 | D33: =C33*1.22 -> 76860
A34: ПЛК СТАБУР 10.М1K0 4/32 (Х+Х+Х+PS24+Х+Х+Х+Х) | B34: Программируемый логический контроллер ПЛК СТАБУР 10 (Х+Х+Х+PS24+Х+Х+Х+Х), Пластиковый корпус. Процессор 4х-ядерный ARM v8.2-A Cortex-A55, 64 бит, 2 ГГц; Видеоускоритель Mali-G52; ОЗУ 4 ГБ DDR4 1600 МГц 2 канала; FLASH память 32 ГБ eMMC HS200; 1x слот microSD, 1x мини-USB OTG, часы реального времени. Дисплей 10.1'' TFT (1024х600). Модуль расширения PS24 — модуль питания 24В установлен в слот №4.Корпус для крепления на щит, габаритные размеры, мм 260х210х93. Возможность установки до 7 модулей расширения. Предустановленная среда исполнения MasterSCADA 4D комплектация базовая на 1000 точек, клиент визуализации | C34: 73000 | D34: =C34*1.22 -> 89060
A35: ПЛК СТАБУР 10.М2K5 (Х+Х+Х+PS24+Х+Х+Х+Х) | B35: Программируемый логический контроллер ПЛК СТАБУР 10 (Х+Х+Х+PS24+Х+Х+Х+Х), Пластиковый корпус. Процессор 4х-ядерный ARM v8.2-A Cortex-A55, 64 бит, 2 ГГц; Видеоускоритель Mali-G52; ОЗУ 1 ГБ DDR4 1600 МГц 2 канала; FLASH память 4ГБ eMMC HS200; 1x слот microSD, 1x мини-USB OTG, часы реального времени. Дисплей 10.1'' TFT (1024х600). Модуль расширения PS24 — модуль питания 24В установлен в слот №4.Корпус для крепления на щит, габаритные размеры, мм 260х210х93. Возможность установки до 7 модулей расширения. Предустановленная среда исполнения MasterSCADA 4D комплектация базовая на 2500 точек, клиент визуализации | C35: 69000 | D35: =C35*1.22 -> 84180
A36: ПЛК СТАБУР 10.М2K5 4/32 (Х+Х+Х+PS24+Х+Х+Х+Х) | B36: Программируемый логический контроллер ПЛК СТАБУР 10 (Х+Х+Х+PS24+Х+Х+Х+Х), Пластиковый корпус. Процессор 4х-ядерный ARM v8.2-A Cortex-A55, 64 бит, 2 ГГц; Видеоускоритель Mali-G52; ОЗУ 4 ГБ DDR4 1600 МГц 2 канала; FLASH память 32 ГБ eMMC HS200; 1x слот microSD, 1x мини-USB OTG, часы реального времени. Дисплей 10.1'' TFT (1024х600). Модуль расширения PS24 — модуль питания 24В установлен в слот №4.Корпус для крепления на щит, габаритные размеры, мм 260х210х93. Возможность установки до 7 модулей расширения. Предустановленная среда исполнения MasterSCADA 4D комплектация базовая на 2500 точек, клиент визуализации | C36: 79000 | D36: =C36*1.22 -> 96380
A37: ПЛК СТАБУР 10.М5K0 (Х+Х+Х+PS24+Х+Х+Х+Х) | B37: Программируемый логический контроллер ПЛК СТАБУР 10 (Х+Х+Х+PS24+Х+Х+Х+Х), Пластиковый корпус. Процессор 4х-ядерный ARM v8.2-A Cortex-A55, 64 бит, 2 ГГц; Видеоускоритель Mali-G52; ОЗУ 1 ГБ DDR4 1600 МГц 2 канала; FLASH память 4ГБ eMMC HS200; 1x слот microSD, 1x мини-USB OTG, часы реального времени. Дисплей 10.1'' TFT (1024х600). Модуль расширения PS24 — модуль питания 24В установлен в слот №4.Корпус для крепления на щит, габаритные размеры, мм 260х210х93. Возможность установки до 7 модулей расширения. Предустановленная среда исполнения MasterSCADA 4D комплектация базовая на 5000 точек, клиент визуализации | C37: 75000 | D37: =C37*1.22 -> 91500
A38: ПЛК СТАБУР 10.М5K0 4/32 (Х+Х+Х+PS24+Х+Х+Х+Х) | B38: Программируемый логический контроллер ПЛК СТАБУР 10 (Х+Х+Х+PS24+Х+Х+Х+Х), Пластиковый корпус. Процессор 4х-ядерный ARM v8.2-A Cortex-A55, 64 бит, 2 ГГц; Видеоускоритель Mali-G52; ОЗУ 4 ГБ DDR4 1600 МГц 2 канала; FLASH память 32 ГБ eMMC HS200; 1x слот microSD, 1x мини-USB OTG, часы реального времени. Дисплей 10.1'' TFT (1024х600). Модуль расширения PS24 — модуль питания 24В установлен в слот №4.Корпус для крепления на щит, габаритные размеры, мм 260х210х93. Возможность установки до 7 модулей расширения. Предустановленная среда исполнения MasterSCADA 4D комплектация базовая на 5000 точек, клиент визуализации | C38: 85000 | D38: =C38*1.22 -> 103700
A39: ПЛК СТАБУР 10.М10К 4/32 (Х+Х+Х+PS24+Х+Х+Х+Х) | B39: Программируемый логический контроллер ПЛК СТАБУР 10 (Х+Х+Х+PS24+Х+Х+Х+Х), Пластиковый корпус. Процессор 4х-ядерный ARM v8.2-A Cortex-A55, 64 бит, 2 ГГц; Видеоускоритель Mali-G52; ОЗУ 4 ГБ DDR4 1600 МГц 2 канала; FLASH память 32 ГБ eMMC HS200; 1x слот microSD, 1x мини-USB OTG, часы реального времени. Дисплей 10.1'' TFT (1024х600). Модуль расширения PS24 — модуль питания 24В установлен в слот №4.Корпус для крепления на щит, габаритные размеры, мм 260х210х93. Возможность установки до 7 модулей расширения. Предустановленная среда исполнения MasterSCADA 4D комплектация базовая на 10000 точек, клиент визуализации | E39: по запросу
A40: ПЛК СТАБУР 12.М0K5 | B40: Программируемый логический контроллер ПЛК СТАБУР 12. Металлический корпус. Процессор 4х-ядерный ARM v8.2-A Cortex-A55, 64 бит, 2 ГГц; Видеоускоритель Mali-G52; ОЗУ 1 ГБ DDR4 1600 МГц 2 канала; FLASH память 4ГБ eMMC HS200; 1x слот microSD, 1x мини-USB OTG, часы реального времени. Дисплей 12.1'' TFT (1024х768); корпус для крепления на щит или на кронштейн 75х75 (VESA), габаритные размеры, мм 293х267х45, интерфейсы 1х Ethernet 10/100, 1х RS-232, 3х RS-485, 1х USB 2.0 HOST, 1х аудио вход, 1х аудио выход. Без корзин для модулей расширения. Предустановленная среда исполнения MasterSCADA 4D комплектация базовая на 500 точек, клиент визуализации | C40: 68750 | D40: =C40*1.22 -> 83875
A41: ПЛК СТАБУР 12.М0K5 4/32 | B41: Программируемый логический контроллер ПЛК СТАБУР 12. Металлический корпус. Процессор 4х-ядерный ARM v8.2-A Cortex-A55, 64 бит, 2 ГГц; Видеоускоритель Mali-G52; ОЗУ 4 ГБ DDR4 1600 МГц 2 канала; FLASH память 32 ГБ eMMC HS200; 1x слот microSD, 1x мини-USB OTG, часы реального времени. Дисплей 12.1'' TFT (1024х768); корпус для крепления на щит или на кронштейн 75х75 (VESA), габаритные размеры, мм 293х267х45, интерфейсы 1х Ethernet 10/100, 1х RS-232, 3х RS-485, 1х USB 2.0 HOST, 1х аудио вход, 1х аудио выход. Без корзин для модулей расширения. Предустановленная среда исполнения MasterSCADA 4D комплектация базовая на 500 точек, клиент визуализации | C41: 78750 | D41: =C41*1.22 -> 96075
A42: ПЛК СТАБУР 12.М1K0 | B42: Программируемый логический контроллер ПЛК СТАБУР 12. Металлический корпус. Процессор 4х-ядерный ARM v8.2-A Cortex-A55, 64 бит, 2 ГГц; Видеоускоритель Mali-G52; ОЗУ 1 ГБ DDR4 1600 МГц 2 канала; FLASH память 4ГБ eMMC HS200; 1x слот microSD, 1x мини-USB OTG, часы реального времени. Дисплей 12.1'' TFT (1024х768); корпус для крепления на щит или на кронштейн 75х75 (VESA), габаритные размеры, мм 293х267х45, интерфейсы 1х Ethernet 10/100, 1х RS-232, 3х RS-485, 1х USB 2.0 HOST, 1х аудио вход, 1х аудио выход. Без корзин для модулей расширения Предустановленная среда исполнения MasterSCADA 4D комплектация базовая на 1000 точек, клиент визуализации | C42: 74750 | D42: =C42*1.22 -> 91195
A43: ПЛК СТАБУР 12.М1K0 4/32 | B43: Программируемый логический контроллер ПЛК СТАБУР 12. Металлический корпус. Процессор 4х-ядерный ARM v8.2-A Cortex-A55, 64 бит, 2 ГГц; Видеоускоритель Mali-G52; ОЗУ 4 ГБ DDR4 1600 МГц 2 канала; FLASH память 32 ГБ eMMC HS200; 1x слот microSD, 1x мини-USB OTG, часы реального времени. Дисплей 12.1'' TFT (1024х768); корпус для крепления на щит или на кронштейн 75х75 (VESA), габаритные размеры, мм 293х267х45, интерфейсы 1х Ethernet 10/100, 1х RS-232, 3х RS-485, 1х USB 2.0 HOST, 1х аудио вход, 1х аудио выход. Без корзин для модулей расширения Предустановленная среда исполнения MasterSCADA 4D комплектация базовая на 1000 точек, клиент визуализации | C43: 84750 | D43: =C43*1.22 -> 103395
A44: ПЛК СТАБУР 12.М2K5 | B44: Программируемый логический контроллер ПЛК СТАБУР 12. Металлический корпус. Процессор 4х-ядерный ARM v8.2-A Cortex-A55, 64 бит, 2 ГГц; Видеоускоритель Mali-G52; ОЗУ 1 ГБ DDR4 1600 МГц 2 канала; FLASH память 4ГБ eMMC HS200; 1x слот microSD, 1x мини-USB OTG, часы реального времени. Дисплей 12.1'' TFT (1024х768); корпус для крепления на щит или на кронштейн 75х75 (VESA), габаритные размеры, мм 293х267х45, интерфейсы 1х Ethernet 10/100, 1х RS-232, 3х RS-485, 1х USB 2.0 HOST, 1х аудио вход, 1х аудио выход. Без корзин для модулей расширения. Предустановленная среда исполнения MasterSCADA 4D комплектация базовая на 2500 точек, клиент визуализации | C44: 80750 | D44: =C44*1.22 -> 98515
A45: ПЛК СТАБУР 12.М2K5 4/32 | B45: Программируемый логический контроллер ПЛК СТАБУР 12. Металлический корпус. Процессор 4х-ядерный ARM v8.2-A Cortex-A55, 64 бит, 2 ГГц; Видеоускоритель Mali-G52; ОЗУ 4 ГБ DDR4 1600 МГц 2 канала; FLASH память 32 ГБ eMMC HS200; 1x слот microSD, 1x мини-USB OTG, часы реального времени. Дисплей 12.1'' TFT (1024х768); корпус для крепления на щит или на кронштейн 75х75 (VESA), габаритные размеры, мм 293х267х45, интерфейсы 1х Ethernet 10/100, 1х RS-232, 3х RS-485, 1х USB 2.0 HOST, 1х аудио вход, 1х аудио выход. Без корзин для модулей расширения. Предустановленная среда исполнения MasterSCADA 4D комплектация базовая на 2500 точек, клиент визуализации | C45: 90750 | D45: =C45*1.22 -> 110715
A46: ПЛК СТАБУР 12.М5K0 | B46: Программируемый логический контроллер ПЛК СТАБУР 12. Металлический корпус. Процессор 4х-ядерный ARM v8.2-A Cortex-A55, 64 бит, 2 ГГц; Видеоускоритель Mali-G52; ОЗУ 1 ГБ DDR4 1600 МГц 2 канала; FLASH память 4ГБ eMMC HS200; 1x слот microSD, 1x мини-USB OTG, часы реального времени. Дисплей 12.1'' TFT (1024х768); корпус для крепления на щит или на кронштейн 75х75 (VESA), габаритные размеры, мм 293х267х45, интерфейсы 1х Ethernet 10/100, 1х RS-232, 3х RS-485, 1х USB 2.0 HOST, 1х аудио вход, 1х аудио выход. Без корзин для модулей расширения. Предустановленная среда исполнения MasterSCADA 4D комплектация базовая на 5000 точек, клиент визуализации | C46: 86750 | D46: =C46*1.22 -> 105835
A47: ПЛК СТАБУР 12.М5K0 4/32 | B47: Программируемый логический контроллер ПЛК СТАБУР 12. Металлический корпус. Процессор 4х-ядерный ARM v8.2-A Cortex-A55, 64 бит, 2 ГГц; Видеоускоритель Mali-G52; ОЗУ 4 ГБ DDR4 1600 МГц 2 канала; FLASH память 32 ГБ eMMC HS200; 1x слот microSD, 1x мини-USB OTG, часы реального времени. Дисплей 12.1'' TFT (1024х768); корпус для крепления на щит или на кронштейн 75х75 (VESA), габаритные размеры, мм 293х267х45, интерфейсы 1х Ethernet 10/100, 1х RS-232, 3х RS-485, 1х USB 2.0 HOST, 1х аудио вход, 1х аудио выход. Без корзин для модулей расширения. Предустановленная среда исполнения MasterSCADA 4D комплектация базовая на 5000 точек, клиент визуализации | C47: 96750 | D47: =C47*1.22 -> 118035
A48: ПЛК СТАБУР 12.М10К 4/32 | B48: Программируемый логический контроллер ПЛК СТАБУР 12. Металлический корпус. Процессор 4х-ядерный ARM v8.2-A Cortex-A55, 64 бит, 2 ГГц; Видеоускоритель Mali-G52; ОЗУ 4 ГБ DDR4 1600 МГц 2 канала; FLASH память 32 ГБ eMMC HS200; 1x слот microSD, 1x мини-USB OTG, часы реального времени. Дисплей 12.1'' TFT (1024х768); корпус для крепления на щит или на кронштейн 75х75 (VESA), габаритные размеры, мм 293х267х45, интерфейсы 1х Ethernet 10/100, 1х RS-232, 3х RS-485, 1х USB 2.0 HOST, 1х аудио вход, 1х аудио выход. Без корзин для модулей расширения. Предустановленная среда исполнения MasterSCADA 4D комплектация базовая на 10000 точек, клиент визуализации | E48: по запросу
A49: ПЛК СТАБУР 12.М0K5 (Х+Х+Х+Х+Х+Х+Х+Х) | B49: Программируемый логический контроллер ПЛК СТАБУР 12. Процессор 4х-ядерный ARM v8.2-A Cortex-A55, 64 бит, 2 ГГц; Видеоускоритель Mali-G52; ОЗУ 1 ГБ DDR4 1600 МГц 2 канала; FLASH память 4ГБ eMMC HS200; 1x слот microSD, 1x мини-USB OTG, часы реального времени. Дисплей 12.1'' TFT (1024х768); корпус для крепления на щит, габаритные размеры, мм 293х267х94, интерфейсы 1х Ethernet 10/100, 1х RS-232, 3х RS-485, 1х USB 2.0 HOST, 1х аудио вход, 1х аудио выход. 1 корзина на 8 модулей расширения. Предустановленная среда исполнения MasterSCADA 4D комплектация базовая на 500 точек, клиент визуализации СТАБУР | C49: 68750 | D49: =C49*1.22 -> 83875
A50: ПЛК СТАБУР 12.М0K5 4/32 (Х+Х+Х+Х+Х+Х+Х+Х) | B50: Программируемый логический контроллер ПЛК СТАБУР 12. Процессор 4х-ядерный ARM v8.2-A Cortex-A55, 64 бит, 2 ГГц; Видеоускоритель Mali-G52; ОЗУ 4 ГБ DDR4 1600 МГц 2 канала; FLASH память 32 ГБ eMMC HS200; 1x слот microSD, 1x мини-USB OTG, часы реального времени. Дисплей 12.1'' TFT (1024х768); корпус для крепления на щит, габаритные размеры, мм 293х267х94, интерфейсы 1х Ethernet 10/100, 1х RS-232, 3х RS-485, 1х USB 2.0 HOST, 1х аудио вход, 1х аудио выход. 1 корзина на 8 модулей расширения. Предустановленная среда исполнения MasterSCADA 4D комплектация базовая на 500 точек, клиент визуализации СТАБУР | C50: 78750 | D50: =C50*1.22 -> 96075
A51: ПЛК СТАБУР 12.М1K0 (Х+Х+Х+Х+Х+Х+Х+Х) | B51: Программируемый логический контроллер ПЛК СТАБУР 12. Процессор 4х-ядерный ARM v8.2-A Cortex-A55, 64 бит, 2 ГГц; Видеоускоритель Mali-G52; ОЗУ 1 ГБ DDR4 1600 МГц 2 канала; FLASH память 4ГБ eMMC HS200; 1x слот microSD, 1x мини-USB OTG, часы реального времени. Дисплей 12.1'' TFT (1024х768); корпус для крепления на щит, габаритные размеры, мм 293х267х94, интерфейсы 1х Ethernet 10/100, 1х RS-232, 3х RS-485, 1х USB 2.0 HOST, 1х аудио вход, 1х аудио выход. 1 корзина на 8 модулей расширения. Предустановленная среда исполнения MasterSCADA 4D комплектация базовая на 1000 точек, клиент визуализации | C51: 74750 | D51: =C51*1.22 -> 91195
A52: ПЛК СТАБУР 12.М1K0 4/32 (Х+Х+Х+Х+Х+Х+Х+Х) | B52: Программируемый логический контроллер ПЛК СТАБУР 12. Процессор 4х-ядерный ARM v8.2-A Cortex-A55, 64 бит, 2 ГГц; Видеоускоритель Mali-G52; ОЗУ 4 ГБ DDR4 1600 МГц 2 канала; FLASH память 32 ГБ eMMC HS200; 1x слот microSD, 1x мини-USB OTG, часы реального времени. Дисплей 12.1'' TFT (1024х768); корпус для крепления на щит, габаритные размеры, мм 293х267х94, интерфейсы 1х Ethernet 10/100, 1х RS-232, 3х RS-485, 1х USB 2.0 HOST, 1х аудио вход, 1х аудио выход. 1 корзина на 8 модулей расширения. Предустановленная среда исполнения MasterSCADA 4D комплектация базовая на 1000 точек, клиент визуализации | C52: 84750 | D52: =C52*1.22 -> 103395
A53: ПЛК СТАБУР 12.М2K5 (Х+Х+Х+Х+Х+Х+Х+Х) | B53: Программируемый логический контроллер ПЛК СТАБУР 12. Процессор 4х-ядерный ARM v8.2-A Cortex-A55, 64 бит, 2 ГГц; Видеоускоритель Mali-G52; ОЗУ 1 ГБ DDR4 1600 МГц 2 канала; FLASH память 4ГБ eMMC HS200; 1x слот microSD, 1x мини-USB OTG, часы реального времени. Дисплей 12.1'' TFT (1024х768); корпус для крепления на щит, габаритные размеры, мм 293х267х94, интерфейсы 1х Ethernet 10/100, 1х RS-232, 3х RS-485, 1х USB 2.0 HOST, 1х аудио вход, 1х аудио выход. 1 корзина на 8 модулей расширения. Предустановленная среда исполнения MasterSCADA 4D комплектация базовая на 2500 точек, клиент визуализации | C53: 80750 | D53: =C53*1.22 -> 98515
A54: ПЛК СТАБУР 12.М2K5 4/32 (Х+Х+Х+Х+Х+Х+Х+Х) | B54: Программируемый логический контроллер ПЛК СТАБУР 12. Процессор 4х-ядерный ARM v8.2-A Cortex-A55, 64 бит, 2 ГГц; Видеоускоритель Mali-G52; ОЗУ 4 ГБ DDR4 1600 МГц 2 канала; FLASH память 32 ГБ eMMC HS200; 1x слот microSD, 1x мини-USB OTG, часы реального времени. Дисплей 12.1'' TFT (1024х768); корпус для крепления на щит, габаритные размеры, мм 293х267х94, интерфейсы 1х Ethernet 10/100, 1х RS-232, 3х RS-485, 1х USB 2.0 HOST, 1х аудио вход, 1х аудио выход. 1 корзина на 8 модулей расширения. Предустановленная среда исполнения MasterSCADA 4D комплектация базовая на 2500 точек, клиент визуализации | C54: 90750 | D54: =C54*1.22 -> 110715
A55: ПЛК СТАБУР 12.М5K0 (Х+Х+Х+Х+Х+Х+Х+Х) | B55: Программируемый логический контроллер ПЛК СТАБУР 12. Процессор 4х-ядерный ARM v8.2-A Cortex-A55, 64 бит, 2 ГГц; Видеоускоритель Mali-G52; ОЗУ 1 ГБ DDR4 1600 МГц 2 канала; FLASH память 4ГБ eMMC HS200; 1x слот microSD, 1x мини-USB OTG, часы реального времени. Дисплей 12.1'' TFT (1024х768); корпус для крепления на щит, габаритные размеры, мм 293х267х94, интерфейсы 1х Ethernet 10/100, 1х RS-232, 3х RS-485, 1х USB 2.0 HOST, 1х аудио вход, 1х аудио выход. 1 корзина на 8 модулей расширения. Предустановленная среда исполнения MasterSCADA 4D комплектация базовая на 5000 точек, клиент визуализации | C55: 86750 | D55: =C55*1.22 -> 105835
A56: ПЛК СТАБУР 12.М5K0 4/32 (Х+Х+Х+Х+Х+Х+Х+Х) | B56: Программируемый логический контроллер ПЛК СТАБУР 12. Процессор 4х-ядерный ARM v8.2-A Cortex-A55, 64 бит, 2 ГГц; Видеоускоритель Mali-G52; ОЗУ 4 ГБ DDR4 1600 МГц 2 канала; FLASH память 32 ГБ eMMC HS200; 1x слот microSD, 1x мини-USB OTG, часы реального времени. Дисплей 12.1'' TFT (1024х768); корпус для крепления на щит, габаритные размеры, мм 293х267х94, интерфейсы 1х Ethernet 10/100, 1х RS-232, 3х RS-485, 1х USB 2.0 HOST, 1х аудио вход, 1х аудио выход. 1 корзина на 8 модулей расширения. Предустановленная среда исполнения MasterSCADA 4D комплектация базовая на 5000 точек, клиент визуализации | C56: 96750 | D56: =C56*1.22 -> 118035
A57: ПЛК СТАБУР 12.М10К 4/32 (Х+Х+Х+Х+Х+Х+Х+Х) | B57: Программируемый логический контроллер ПЛК СТАБУР 12. Процессор 4х-ядерный ARM v8.2-A Cortex-A55, 64 бит, 2 ГГц; Видеоускоритель Mali-G52; ОЗУ 4 ГБ DDR4 1600 МГц 2 канала; FLASH память 32 ГБ eMMC HS200; 1x слот microSD, 1x мини-USB OTG, часы реального времени. Дисплей 12.1'' TFT (1024х768); корпус для крепления на щит, габаритные размеры, мм 293х267х94, интерфейсы 1х Ethernet 10/100, 1х RS-232, 3х RS-485, 1х USB 2.0 HOST, 1х аудио вход, 1х аудио выход. 1 корзина на 8 модулей расширения. Предустановленная среда исполнения MasterSCADA 4D комплектация базовая на 10000 точек, клиент визуализации | E57: по запросу
A58: ПЛК СТАБУР 12.М0K5 (Х+Х+Х+Х+Х+Х+Х+Х+Х+Х+Х+Х+Х+Х+Х+Х) | B58: Программируемый логический контроллер ПЛК СТАБУР 12. Процессор 4х-ядерный ARM v8.2-A Cortex-A55, 64 бит, 2 ГГц; Видеоускоритель Mali-G52; ОЗУ 1 ГБ DDR4 1600 МГц 2 канала; FLASH память 4ГБ eMMC HS200; 1x слот microSD, 1x мини-USB OTG, часы реального времени. Дисплей 12.1'' TFT (1024х768); корпус для крепления на щит, габаритные размеры, мм 293х267х94, интерфейсы 1х Ethernet 10/100, 1х RS-232, 3х RS-485, 1х USB 2.0 HOST, 1х аудио вход, 1х аудио выход. 2 корзины по 8 модулей расширения. Предустановленная среда исполнения MasterSCADA 4D комплектация базовая на 500 точек, клиент визуализации | C58: 68750 | D58: =C58*1.22 -> 83875
A59: ПЛК СТАБУР 12.М0K5 4/32 (Х+Х+Х+Х+Х+Х+Х+Х+Х+Х+Х+Х+Х+Х+Х+Х) | B59: Программируемый логический контроллер ПЛК СТАБУР 12. Процессор 4х-ядерный ARM v8.2-A Cortex-A55, 64 бит, 2 ГГц; Видеоускоритель Mali-G52; ОЗУ 4 ГБ DDR4 1600 МГц 2 канала; FLASH память 32 ГБ eMMC HS200; 1x слот microSD, 1x мини-USB OTG, часы реального времени. Дисплей 12.1'' TFT (1024х768); корпус для крепления на щит, габаритные размеры, мм 293х267х94, интерфейсы 1х Ethernet 10/100, 1х RS-232, 3х RS-485, 1х USB 2.0 HOST, 1х аудио вход, 1х аудио выход. 2 корзины по 8 модулей расширения. Предустановленная среда исполнения MasterSCADA 4D комплектация базовая на 500 точек, клиент визуализации | C59: 78750 | D59: =C59*1.22 -> 96075
A60: ПЛК СТАБУР 12.М1K0 (Х+Х+Х+Х+Х+Х+Х+Х+Х+Х+Х+Х+Х+Х+Х+Х) | B60: Программируемый логический контроллер ПЛК СТАБУР 12. Процессор 4х-ядерный ARM v8.2-A Cortex-A55, 64 бит, 2 ГГц; Видеоускоритель Mali-G52; ОЗУ 1 ГБ DDR4 1600 МГц 2 канала; FLASH память 4ГБ eMMC HS200; 1x слот microSD, 1x мини-USB OTG, часы реального времени. Дисплей 12.1'' TFT (1024х768); корпус для крепления на щит, габаритные размеры, мм 293х267х94, интерфейсы 1х Ethernet 10/100, 1х RS-232, 3х RS-485, 1х USB 2.0 HOST, 1х аудио вход, 1х аудио выход. 2 корзины по 8 модулей расширения. Предустановленная среда исполнения MasterSCADA 4D комплектация базовая на 1000 точек, клиент визуализации | C60: 74750 | D60: =C60*1.22 -> 91195
A61: ПЛК СТАБУР 12.М1K0 4/32 (Х+Х+Х+Х+Х+Х+Х+Х+Х+Х+Х+Х+Х+Х+Х+Х) | B61: Программируемый логический контроллер ПЛК СТАБУР 12. Процессор 4х-ядерный ARM v8.2-A Cortex-A55, 64 бит, 2 ГГц; Видеоускоритель Mali-G52; ОЗУ 4 ГБ DDR4 1600 МГц 2 канала; FLASH память 32 ГБ eMMC HS200; 1x слот microSD, 1x мини-USB OTG, часы реального времени. Дисплей 12.1'' TFT (1024х768); корпус для крепления на щит, габаритные размеры, мм 293х267х94, интерфейсы 1х Ethernet 10/100, 1х RS-232, 3х RS-485, 1х USB 2.0 HOST, 1х аудио вход, 1х аудио выход. 2 корзины по 8 модулей расширения. Предустановленная среда исполнения MasterSCADA 4D комплектация базовая на 1000 точек, клиент визуализации | C61: 84750 | D61: =C61*1.22 -> 103395
A62: ПЛК СТАБУР 12.М2K5 (Х+Х+Х+Х+Х+Х+Х+Х+Х+Х+Х+Х+Х+Х+Х+Х) | B62: Программируемый логический контроллер ПЛК СТАБУР 12. Процессор 4х-ядерный ARM v8.2-A Cortex-A55, 64 бит, 2 ГГц; Видеоускоритель Mali-G52; ОЗУ 1 ГБ DDR4 1600 МГц 2 канала; FLASH память 4ГБ eMMC HS200; 1x слот microSD, 1x мини-USB OTG, часы реального времени. Дисплей 12.1'' TFT (1024х768); корпус для крепления на щит, габаритные размеры, мм 293х267х94, интерфейсы 1х Ethernet 10/100, 1х RS-232, 3х RS-485, 1х USB 2.0 HOST, 1х аудио вход, 1х аудио выход. 2 корзины по 8 модулей расширения. Предустановленная среда исполнения MasterSCADA 4D комплектация базовая на 2500 точек, клиент визуализации | C62: 80750 | D62: =C62*1.22 -> 98515
A63: ПЛК СТАБУР 12.М2K5 4/32 (Х+Х+Х+Х+Х+Х+Х+Х+Х+Х+Х+Х+Х+Х+Х+Х) | B63: Программируемый логический контроллер ПЛК СТАБУР 12. Процессор 4х-ядерный ARM v8.2-A Cortex-A55, 64 бит, 2 ГГц; Видеоускоритель Mali-G52; ОЗУ 4 ГБ DDR4 1600 МГц 2 канала; FLASH память 32 ГБ eMMC HS200; 1x слот microSD, 1x мини-USB OTG, часы реального времени. Дисплей 12.1'' TFT (1024х768); корпус для крепления на щит, габаритные размеры, мм 293х267х94, интерфейсы 1х Ethernet 10/100, 1х RS-232, 3х RS-485, 1х USB 2.0 HOST, 1х аудио вход, 1х аудио выход. 2 корзины по 8 модулей расширения. Предустановленная среда исполнения MasterSCADA 4D комплектация базовая на 2500 точек, клиент визуализации | C63: 90750 | D63: =C63*1.22 -> 110715
A64: ПЛК СТАБУР 12.М5K0 (Х+Х+Х+Х+Х+Х+Х+Х+Х+Х+Х+Х+Х+Х+Х+Х) | B64: Программируемый логический контроллер ПЛК СТАБУР 12. Процессор 4х-ядерный ARM v8.2-A Cortex-A55, 64 бит, 2 ГГц; Видеоускоритель Mali-G52; ОЗУ 1 ГБ DDR4 1600 МГц 2 канала; FLASH память 4ГБ eMMC HS200; 1x слот microSD, 1x мини-USB OTG, часы реального времени. Дисплей 12.1'' TFT (1024х768); корпус для крепления на щит, габаритные размеры, мм 293х267х94, интерфейсы 1х Ethernet 10/100, 1х RS-232, 3х RS-485, 1х USB 2.0 HOST, 1х аудио вход, 1х аудио выход. 2 корзины по 8 модулей расширения. Предустановленная среда исполнения MasterSCADA 4D комплектация базовая на 5000 точек, клиент визуализации | C64: 86750 | D64: =C64*1.22 -> 105835
A65: ПЛК СТАБУР 12.М5K0 4/32 (Х+Х+Х+Х+Х+Х+Х+Х+Х+Х+Х+Х+Х+Х+Х+Х) | B65: Программируемый логический контроллер ПЛК СТАБУР 12. Процессор 4х-ядерный ARM v8.2-A Cortex-A55, 64 бит, 2 ГГц; Видеоускоритель Mali-G52; ОЗУ 4 ГБ DDR4 1600 МГц 2 канала; FLASH память 32 ГБ eMMC HS200; 1x слот microSD, 1x мини-USB OTG, часы реального времени. Дисплей 12.1'' TFT (1024х768); корпус для крепления на щит, габаритные размеры, мм 293х267х94, интерфейсы 1х Ethernet 10/100, 1х RS-232, 3х RS-485, 1х USB 2.0 HOST, 1х аудио вход, 1х аудио выход. 2 корзины по 8 модулей расширения. Предустановленная среда исполнения MasterSCADA 4D комплектация базовая на 5000 точек, клиент визуализации | C65: 96750 | D65: =C65*1.22 -> 118035
A66: ПЛК СТАБУР 12.М10К 4/32 (Х+Х+Х+Х+Х+Х+Х+Х+Х+Х+Х+Х+Х+Х+Х+Х) | B66: Программируемый логический контроллер ПЛК СТАБУР 12. Процессор 4х-ядерный ARM v8.2-A Cortex-A55, 64 бит, 2 ГГц; Видеоускоритель Mali-G52; ОЗУ 4 ГБ DDR4 1600 МГц 2 канала; FLASH память 32 ГБ eMMC HS200; 1x слот microSD, 1x мини-USB OTG, часы реального времени. Дисплей 12.1'' TFT (1024х768); корпус для крепления на щит, габаритные размеры, мм 293х267х94, интерфейсы 1х Ethernet 10/100, 1х RS-232, 3х RS-485, 1х USB 2.0 HOST, 1х аудио вход, 1х аудио выход. 2 корзины по 8 модулей расширения. Предустановленная среда исполнения MasterSCADA 4D комплектация базовая на 10000 точек, клиент визуализации | E66: по запросу
A67: ПЛК СТАБУР 15.М0K5 | B67: Программируемый логический контроллер ПЛК СТАБУР 15.Процессор 4х-ядерный ARM v8.2-A Cortex-A55, 64 бит, 2 ГГц; Видеоускоритель Mali-G52; ОЗУ 1 ГБ DDR4 1600 МГц 2 канала; FLASH память 4ГБ eMMC HS200; 1x слот microSD, 1x мини-USB OTG, часы реального времени. Дисплей 15'' TFT (1024х768); корпус для крепления на щит или на кронштейн 75х75 (VESA), габаритные размеры, мм 360х318х53, интерфейсы 1х Ethernet 10/100, 1х RS-232, 3х RS-485, 1х USB 2.0 HOST, 1х аудио вход, 1х аудио выход. Без корзин для модулей расширения. Предустановленная среда исполнения MasterSCADA 4D комплектация базовая на 500 точек, клиент визуализации | C67: 91000 | D67: =C67*1.22 -> 111020
A68: ПЛК СТАБУР 15.М0K5 4/32 | B68: Программируемый логический контроллер ПЛК СТАБУР 15.Процессор 4х-ядерный ARM v8.2-A Cortex-A55, 64 бит, 2 ГГц; Видеоускоритель Mali-G52; ОЗУ 4 ГБ DDR4 1600 МГц 2 канала; FLASH память 32 ГБ eMMC HS200; 1x слот microSD, 1x мини-USB OTG, часы реального времени. Дисплей 15'' TFT (1024х768); корпус для крепления на щит или на кронштейн 75х75 (VESA), габаритные размеры, мм 360х318х53, интерфейсы 1х Ethernet 10/100, 1х RS-232, 3х RS-485, 1х USB 2.0 HOST, 1х аудио вход, 1х аудио выход. Без корзин для модулей расширения. Предустановленная среда исполнения MasterSCADA 4D комплектация базовая на 500 точек, клиент визуализации | C68: 101000 | D68: =C68*1.22 -> 123220
A69: ПЛК СТАБУР 15.М1K0 | B69: Программируемый логический контроллер ПЛК СТАБУР 15.Процессор 4х-ядерный ARM v8.2-A Cortex-A55, 64 бит, 2 ГГц; Видеоускоритель Mali-G52; ОЗУ 1 ГБ DDR4 1600 МГц 2 канала; FLASH память 4ГБ eMMC HS200; 1x слот microSD, 1x мини-USB OTG, часы реального времени. Дисплей 15'' TFT (1024х768); корпус для крепления на щит или на кронштейн 75х75 (VESA), габаритные размеры, мм 360х318х53, интерфейсы 1х Ethernet 10/100, 1х RS-232, 3х RS-485, 1х USB 2.0 HOST, 1х аудио вход, 1х аудио выход. Без корзин для модулей расширения. Предустановленная среда исполнения MasterSCADA 4D комплектация базовая на 1000 точек, клиент визуализации | C69: 97000 | D69: =C69*1.22 -> 118340
A70: ПЛК СТАБУР 15.М1K0 4/32 | B70: Программируемый логический контроллер ПЛК СТАБУР 15.Процессор 4х-ядерный ARM v8.2-A Cortex-A55, 64 бит, 2 ГГц; Видеоускоритель Mali-G52; ОЗУ 4 ГБ DDR4 1600 МГц 2 канала; FLASH память 32 ГБ eMMC HS200; 1x слот microSD, 1x мини-USB OTG, часы реального времени. Дисплей 15'' TFT (1024х768); корпус для крепления на щит или на кронштейн 75х75 (VESA), габаритные размеры, мм 360х318х53, интерфейсы 1х Ethernet 10/100, 1х RS-232, 3х RS-485, 1х USB 2.0 HOST, 1х аудио вход, 1х аудио выход. Без корзин для модулей расширения. Предустановленная среда исполнения MasterSCADA 4D комплектация базовая на 1000 точек, клиент визуализации | C70: 107000 | D70: =C70*1.22 -> 130540
A71: ПЛК СТАБУР 15.М2K5 | B71: Программируемый логический контроллер ПЛК СТАБУР 15.Процессор 4х-ядерный ARM v8.2-A Cortex-A55, 64 бит, 2 ГГц; Видеоускоритель Mali-G52; ОЗУ 1 ГБ DDR4 1600 МГц 2 канала; FLASH память 4ГБ eMMC HS200; 1x слот microSD, 1x мини-USB OTG, часы реального времени. Дисплей 15'' TFT (1024х768); корпус для крепления на щит или на кронштейн 75х75 (VESA), габаритные размеры, мм 360х318х53, интерфейсы 1х Ethernet 10/100, 1х RS-232, 3х RS-485, 1х USB 2.0 HOST, 1х аудио вход, 1х аудио выход. Без корзин для модулей расширения. Предустановленная среда исполнения MasterSCADA 4D комплектация базовая на 2500 точек, клиент визуализации | C71: 103000 | D71: =C71*1.22 -> 125660
A72: ПЛК СТАБУР 15.М2K5 4/32 | B72: Программируемый логический контроллер ПЛК СТАБУР 15.Процессор 4х-ядерный ARM v8.2-A Cortex-A55, 64 бит, 2 ГГц; Видеоускоритель Mali-G52; ОЗУ 4 ГБ DDR4 1600 МГц 2 канала; FLASH память 32 ГБ eMMC HS200; 1x слот microSD, 1x мини-USB OTG, часы реального времени. Дисплей 15'' TFT (1024х768); корпус для крепления на щит или на кронштейн 75х75 (VESA), габаритные размеры, мм 360х318х53, интерфейсы 1х Ethernet 10/100, 1х RS-232, 3х RS-485, 1х USB 2.0 HOST, 1х аудио вход, 1х аудио выход. Без корзин для модулей расширения. Предустановленная среда исполнения MasterSCADA 4D комплектация базовая на 2500 точек, клиент визуализации | C72: 113000 | D72: =C72*1.22 -> 137860
A73: ПЛК СТАБУР 15.М5K0 | B73: Программируемый логический контроллер ПЛК СТАБУР 15.Процессор 4х-ядерный ARM v8.2-A Cortex-A55, 64 бит, 2 ГГц; Видеоускоритель Mali-G52; ОЗУ 1 ГБ DDR4 1600 МГц 2 канала; FLASH память 4ГБ eMMC HS200; 1x слот microSD, 1x мини-USB OTG, часы реального времени. Дисплей 15'' TFT (1024х768); корпус для крепления на щит или на кронштейн 75х75 (VESA), габаритные размеры, мм 360х318х53, интерфейсы 1х Ethernet 10/100, 1х RS-232, 3х RS-485, 1х USB 2.0 HOST, 1х аудио вход, 1х аудио выход. Без корзин для модулей расширения. Предустановленная среда исполнения MasterSCADA 4D комплектация базовая на 5000 точек, клиент визуализации | C73: 109000 | D73: =C73*1.22 -> 132980
A74: ПЛК СТАБУР 15.М5K0 4/32 | B74: Программируемый логический контроллер ПЛК СТАБУР 15.Процессор 4х-ядерный ARM v8.2-A Cortex-A55, 64 бит, 2 ГГц; Видеоускоритель Mali-G52; ОЗУ 4 ГБ DDR4 1600 МГц 2 канала; FLASH память 32 ГБ eMMC HS200; 1x слот microSD, 1x мини-USB OTG, часы реального времени. Дисплей 15'' TFT (1024х768); корпус для крепления на щит или на кронштейн 75х75 (VESA), габаритные размеры, мм 360х318х53, интерфейсы 1х Ethernet 10/100, 1х RS-232, 3х RS-485, 1х USB 2.0 HOST, 1х аудио вход, 1х аудио выход. Без корзин для модулей расширения. Предустановленная среда исполнения MasterSCADA 4D комплектация базовая на 5000 точек, клиент визуализации | C74: 119000 | D74: =C74*1.22 -> 145180
A75: ПЛК СТАБУР 15.М10К 4/32 | B75: Программируемый логический контроллер ПЛК СТАБУР 15.Процессор 4х-ядерный ARM v8.2-A Cortex-A55, 64 бит, 2 ГГц; Видеоускоритель Mali-G52; ОЗУ 4 ГБ DDR4 1600 МГц 2 канала; FLASH память 32 ГБ eMMC HS200; 1x слот microSD, 1x мини-USB OTG, часы реального времени. Дисплей 15'' TFT (1024х768); корпус для крепления на щит или на кронштейн 75х75 (VESA), габаритные размеры, мм 360х318х53, интерфейсы 1х Ethernet 10/100, 1х RS-232, 3х RS-485, 1х USB 2.0 HOST, 1х аудио вход, 1х аудио выход. Без корзин для модулей расширения. Предустановленная среда исполнения MasterSCADA 4D комплектация базовая на 10000 точек, клиент визуализации | E75: по запросу
A76: ПЛК СТАБУР 15.М0K5 (Х+Х+Х+Х+Х+Х+Х+Х) | B76: Программируемый логический контроллер ПЛК СТАБУР 15.Процессор 4х-ядерный ARM v8.2-A Cortex-A55, 64 бит, 2 ГГц; Видеоускоритель Mali-G52; ОЗУ 1 ГБ DDR4 1600 МГц 2 канала; FLASH память 4ГБ eMMC HS200; 1x слот microSD, 1x мини-USB OTG, часы реального времени. Дисплей 15'' TFT (1024х768); корпус для крепления на щит, габаритные размеры, мм 360х318х97, интерфейсы 1х Ethernet 10/100, 1х RS-232, 3х RS-485, 1х USB 2.0 HOST, 1х аудио вход, 1х аудио выход. 1 корзина на 8 модулей расширения. Предустановленная среда исполнения MasterSCADA 4D комплектация базовая на 500 точек, клиент визуализации | C76: 91000 | D76: =C76*1.22 -> 111020
A77: ПЛК СТАБУР 15.М0K5 4/32 (Х+Х+Х+Х+Х+Х+Х+Х) | B77: Программируемый логический контроллер ПЛК СТАБУР 15.Процессор 4х-ядерный ARM v8.2-A Cortex-A55, 64 бит, 2 ГГц; Видеоускоритель Mali-G52; ОЗУ 4 ГБ DDR4 1600 МГц 2 канала; FLASH память 32 ГБ eMMC HS200; 1x слот microSD, 1x мини-USB OTG, часы реального времени. Дисплей 15'' TFT (1024х768); корпус для крепления на щит, габаритные размеры, мм 360х318х97, интерфейсы 1х Ethernet 10/100, 1х RS-232, 3х RS-485, 1х USB 2.0 HOST, 1х аудио вход, 1х аудио выход. 1 корзина на 8 модулей расширения. Предустановленная среда исполнения MasterSCADA 4D комплектация базовая на 500 точек, клиент визуализации | C77: 101000 | D77: =C77*1.22 -> 123220
A78: ПЛК СТАБУР 15.М1K0 (Х+Х+Х+Х+Х+Х+Х+Х) | B78: Программируемый логический контроллер ПЛК СТАБУР 15.Процессор 4х-ядерный ARM v8.2-A Cortex-A55, 64 бит, 2 ГГц; Видеоускоритель Mali-G52; ОЗУ 1 ГБ DDR4 1600 МГц 2 канала; FLASH память 4ГБ eMMC HS200; 1x слот microSD, 1x мини-USB OTG, часы реального времени. Дисплей 15'' TFT (1024х768); корпус для крепления на щит, габаритные размеры, мм 360х318х97, интерфейсы 1х Ethernet 10/100, 1х RS-232, 3х RS-485, 1х USB 2.0 HOST, 1х аудио вход, 1х аудио выход. 1 корзина на 8 модулей расширения. Предустановленная среда исполнения MasterSCADA 4D комплектация базовая на 1000 точек, клиент визуализации. | C78: 97000 | D78: =C78*1.22 -> 118340
A79: ПЛК СТАБУР 15.М1K0 4/32 (Х+Х+Х+Х+Х+Х+Х+Х) | B79: Программируемый логический контроллер ПЛК СТАБУР 15.Процессор 4х-ядерный ARM v8.2-A Cortex-A55, 64 бит, 2 ГГц; Видеоускоритель Mali-G52; ОЗУ 4 ГБ DDR4 1600 МГц 2 канала; FLASH память 32 ГБ eMMC HS200; 1x слот microSD, 1x мини-USB OTG, часы реального времени. Дисплей 15'' TFT (1024х768); корпус для крепления на щит, габаритные размеры, мм 360х318х97, интерфейсы 1х Ethernet 10/100, 1х RS-232, 3х RS-485, 1х USB 2.0 HOST, 1х аудио вход, 1х аудио выход. 1 корзина на 8 модулей расширения. Предустановленная среда исполнения MasterSCADA 4D комплектация базовая на 1000 точек, клиент визуализации. | C79: 107000 | D79: =C79*1.22 -> 130540
A80: ПЛК СТАБУР 15.М2K5 (Х+Х+Х+Х+Х+Х+Х+Х) | B80: Программируемый логический контроллер ПЛК СТАБУР 15.Процессор 4х-ядерный ARM v8.2-A Cortex-A55, 64 бит, 2 ГГц; Видеоускоритель Mali-G52; ОЗУ 1 ГБ DDR4 1600 МГц 2 канала; FLASH память 4ГБ eMMC HS200; 1x слот microSD, 1x мини-USB OTG, часы реального времени. Дисплей 15'' TFT (1024х768); корпус для крепления на щит, габаритные размеры, мм 360х318х97, интерфейсы 1х Ethernet 10/100, 1х RS-232, 3х RS-485, 1х USB 2.0 HOST, 1х аудио вход, 1х аудио выход. 1 корзина на 8 модулей расширения. Предустановленная среда исполнения MasterSCADA 4D комплектация базовая на 2500 точек, клиент визуализации | C80: 103000 | D80: =C80*1.22 -> 125660
A81: ПЛК СТАБУР 15.М2K5 4/32 (Х+Х+Х+Х+Х+Х+Х+Х) | B81: Программируемый логический контроллер ПЛК СТАБУР 15.Процессор 4х-ядерный ARM v8.2-A Cortex-A55, 64 бит, 2 ГГц; Видеоускоритель Mali-G52; ОЗУ 4 ГБ DDR4 1600 МГц 2 канала; FLASH память 32 ГБ eMMC HS200; 1x слот microSD, 1x мини-USB OTG, часы реального времени. Дисплей 15'' TFT (1024х768); корпус для крепления на щит, габаритные размеры, мм 360х318х97, интерфейсы 1х Ethernet 10/100, 1х RS-232, 3х RS-485, 1х USB 2.0 HOST, 1х аудио вход, 1х аудио выход. 1 корзина на 8 модулей расширения. Предустановленная среда исполнения MasterSCADA 4D комплектация базовая на 2500 точек, клиент визуализации | C81: 113000 | D81: =C81*1.22 -> 137860
A82: ПЛК СТАБУР 15.М5K0 (Х+Х+Х+Х+Х+Х+Х+Х) | B82: Программируемый логический контроллер ПЛК СТАБУР 15.Процессор 4х-ядерный ARM v8.2-A Cortex-A55, 64 бит, 2 ГГц; Видеоускоритель Mali-G52; ОЗУ 1 ГБ DDR4 1600 МГц 2 канала; FLASH память 4ГБ eMMC HS200; 1x слот microSD, 1x мини-USB OTG, часы реального времени. Дисплей 15'' TFT (1024х768); корпус для крепления на щит, габаритные размеры, мм 360х318х97, интерфейсы 1х Ethernet 10/100, 1х RS-232, 3х RS-485, 1х USB 2.0 HOST, 1х аудио вход, 1х аудио выход. 1 корзина на 8 модулей расширения. Предустановленная среда исполнения MasterSCADA 4D комплектация базовая на 5000 точек, клиент визуализации | C82: 109000 | D82: =C82*1.22 -> 132980
A83: ПЛК СТАБУР 15.М5K0 4/32 (Х+Х+Х+Х+Х+Х+Х+Х) | B83: Программируемый логический контроллер ПЛК СТАБУР 15.Процессор 4х-ядерный ARM v8.2-A Cortex-A55, 64 бит, 2 ГГц; Видеоускоритель Mali-G52; ОЗУ 4 ГБ DDR4 1600 МГц 2 канала; FLASH память 32 ГБ eMMC HS200; 1x слот microSD, 1x мини-USB OTG, часы реального времени. Дисплей 15'' TFT (1024х768); корпус для крепления на щит, габаритные размеры, мм 360х318х97, интерфейсы 1х Ethernet 10/100, 1х RS-232, 3х RS-485, 1х USB 2.0 HOST, 1х аудио вход, 1х аудио выход. 1 корзина на 8 модулей расширения. Предустановленная среда исполнения MasterSCADA 4D комплектация базовая на 5000 точек, клиент визуализации | C83: 119000 | D83: =C83*1.22 -> 145180
A84: ПЛК СТАБУР 15.М10К 4/32 (Х+Х+Х+Х+Х+Х+Х+Х) | B84: Программируемый логический контроллер ПЛК СТАБУР 15.Процессор 4х-ядерный ARM v8.2-A Cortex-A55, 64 бит, 2 ГГц; Видеоускоритель Mali-G52; ОЗУ 4 ГБ DDR4 1600 МГц 2 канала; FLASH память 32 ГБ eMMC HS200; 1x слот microSD, 1x мини-USB OTG, часы реального времени. Дисплей 15'' TFT (1024х768); корпус для крепления на щит, габаритные размеры, мм 360х318х97, интерфейсы 1х Ethernet 10/100, 1х RS-232, 3х RS-485, 1х USB 2.0 HOST, 1х аудио вход, 1х аудио выход. 1 корзина на 8 модулей расширения. Предустановленная среда исполнения MasterSCADA 4D комплектация базовая на 10000 точек, клиент визуализации | E84: по запросу
A85: ПЛК СТАБУР 15.М0K5 (Х+Х+Х+Х+Х+Х+Х+Х+Х+Х+Х+Х+Х+Х+Х+Х) | B85: Программируемый логический контроллер ПЛК СТАБУР 15.Процессор 4х-ядерный ARM v8.2-A Cortex-A55, 64 бит, 2 ГГц; Видеоускоритель Mali-G52; ОЗУ 1 ГБ DDR4 1600 МГц 2 канала; FLASH память 4ГБ eMMC HS200; 1x слот microSD, 1x мини-USB OTG, часы реального времени. Дисплей 15'' TFT (1024х768); корпус для крепления на щит, габаритные размеры, мм 360х318х97, интерфейсы 1х Ethernet 10/100, 1х RS-232, 3х RS-485, 1х USB 2.0 HOST, 1х аудио вход, 1х аудио выход. 2 корзины по 8 модулей расширения. Предустановленная среда исполнения MasterSCADA 4D комплектация базовая на 500 точек, клиент визуализации | C85: 91000 | D85: =C85*1.22 -> 111020
A86: ПЛК СТАБУР 15.М0K5 4/32 (Х+Х+Х+Х+Х+Х+Х+Х+Х+Х+Х+Х+Х+Х+Х+Х) | B86: Программируемый логический контроллер ПЛК СТАБУР 15.Процессор 4х-ядерный ARM v8.2-A Cortex-A55, 64 бит, 2 ГГц; Видеоускоритель Mali-G52; ОЗУ 4 ГБ DDR4 1600 МГц 2 канала; FLASH память 32 ГБ eMMC HS200; 1x слот microSD, 1x мини-USB OTG, часы реального времени. Дисплей 15'' TFT (1024х768); корпус для крепления на щит, габаритные размеры, мм 360х318х97, интерфейсы 1х Ethernet 10/100, 1х RS-232, 3х RS-485, 1х USB 2.0 HOST, 1х аудио вход, 1х аудио выход. 2 корзины по 8 модулей расширения. Предустановленная среда исполнения MasterSCADA 4D комплектация базовая на 500 точек, клиент визуализации | C86: 101000 | D86: =C86*1.22 -> 123220
A87: ПЛК СТАБУР 15.М1K0 (Х+Х+Х+Х+Х+Х+Х+Х+Х+Х+Х+Х+Х+Х+Х+Х) | B87: Программируемый логический контроллер ПЛК СТАБУР 15.Процессор 4х-ядерный ARM v8.2-A Cortex-A55, 64 бит, 2 ГГц; Видеоускоритель Mali-G52; ОЗУ 1 ГБ DDR4 1600 МГц 2 канала; FLASH память 4ГБ eMMC HS200; 1x слот microSD, 1x мини-USB OTG, часы реального времени. Дисплей 15'' TFT (1024х768); корпус для крепления на щит, габаритные размеры, мм 360х318х97, интерфейсы 1х Ethernet 10/100, 1х RS-232, 3х RS-485, 1х USB 2.0 HOST, 1х аудио вход, 1х аудио выход. 2 корзины по 8 модулей расширения. Предустановленная среда исполнения MasterSCADA 4D комплектация базовая на 1000 точек, клиент визуализации | C87: 97000 | D87: =C87*1.22 -> 118340
A88: ПЛК СТАБУР 15.М1K0 4/32 (Х+Х+Х+Х+Х+Х+Х+Х+Х+Х+Х+Х+Х+Х+Х+Х) | B88: Программируемый логический контроллер ПЛК СТАБУР 15.Процессор 4х-ядерный ARM v8.2-A Cortex-A55, 64 бит, 2 ГГц; Видеоускоритель Mali-G52; ОЗУ 4 ГБ DDR4 1600 МГц 2 канала; FLASH память 32 ГБ eMMC HS200; 1x слот microSD, 1x мини-USB OTG, часы реального времени. Дисплей 15'' TFT (1024х768); корпус для крепления на щит, габаритные размеры, мм 360х318х97, интерфейсы 1х Ethernet 10/100, 1х RS-232, 3х RS-485, 1х USB 2.0 HOST, 1х аудио вход, 1х аудио выход. 2 корзины по 8 модулей расширения. Предустановленная среда исполнения MasterSCADA 4D комплектация базовая на 1000 точек, клиент визуализации | C88: 107000 | D88: =C88*1.22 -> 130540
A89: ПЛК СТАБУР 15.М2K5 (Х+Х+Х+Х+Х+Х+Х+Х+Х+Х+Х+Х+Х+Х+Х+Х) | B89: Программируемый логический контроллер ПЛК СТАБУР 15.Процессор 4х-ядерный ARM v8.2-A Cortex-A55, 64 бит, 2 ГГц; Видеоускоритель Mali-G52; ОЗУ 1 ГБ DDR4 1600 МГц 2 канала; FLASH память 4ГБ eMMC HS200; 1x слот microSD, 1x мини-USB OTG, часы реального времени. Дисплей 15'' TFT (1024х768); корпус для крепления на щит, габаритные размеры, мм 360х318х97, интерфейсы 1х Ethernet 10/100, 1х RS-232, 3х RS-485, 1х USB 2.0 HOST, 1х аудио вход, 1х аудио выход. 2 корзины по 8 модулей расширения. Предустановленная среда исполнения MasterSCADA 4D комплектация базовая на 2500 точек, клиент визуализации | C89: 103000 | D89: =C89*1.22 -> 125660
A90: ПЛК СТАБУР 15.М2K5 4/32 (Х+Х+Х+Х+Х+Х+Х+Х+Х+Х+Х+Х+Х+Х+Х+Х) | B90: Программируемый логический контроллер ПЛК СТАБУР 15.Процессор 4х-ядерный ARM v8.2-A Cortex-A55, 64 бит, 2 ГГц; Видеоускоритель Mali-G52; ОЗУ 4 ГБ DDR4 1600 МГц 2 канала; FLASH память 32 ГБ eMMC HS200; 1x слот microSD, 1x мини-USB OTG, часы реального времени. Дисплей 15'' TFT (1024х768); корпус для крепления на щит, габаритные размеры, мм 360х318х97, интерфейсы 1х Ethernet 10/100, 1х RS-232, 3х RS-485, 1х USB 2.0 HOST, 1х аудио вход, 1х аудио выход. 2 корзины по 8 модулей расширения. Предустановленная среда исполнения MasterSCADA 4D комплектация базовая на 2500 точек, клиент визуализации | C90: 113000 | D90: =C90*1.22 -> 137860
A91: ПЛК СТАБУР 15.М5K0 (Х+Х+Х+Х+Х+Х+Х+Х+Х+Х+Х+Х+Х+Х+Х+Х) | B91: Программируемый логический контроллер ПЛК СТАБУР 15.Процессор 4х-ядерный ARM v8.2-A Cortex-A55, 64 бит, 2 ГГц; Видеоускоритель Mali-G52; ОЗУ 1 ГБ DDR4 1600 МГц 2 канала; FLASH память 4ГБ eMMC HS200; 1x слот microSD, 1x мини-USB OTG, часы реального времени. Дисплей 15'' TFT (1024х768); корпус для крепления на щит, габаритные размеры, мм 360х318х97, интерфейсы 1х Ethernet 10/100, 1х RS-232, 3х RS-485, 1х USB 2.0 HOST, 1х аудио вход, 1х аудио выход. 2 корзины по 8 модулей расширения. Предустановленная среда исполнения MasterSCADA 4D комплектация базовая на 5000 точек, клиент визуализации | C91: 109000 | D91: =C91*1.22 -> 132980
A92: ПЛК СТАБУР 15.М5K0 4/32 (Х+Х+Х+Х+Х+Х+Х+Х+Х+Х+Х+Х+Х+Х+Х+Х) | B92: Программируемый логический контроллер ПЛК СТАБУР 15.Процессор 4х-ядерный ARM v8.2-A Cortex-A55, 64 бит, 2 ГГц; Видеоускоритель Mali-G52; ОЗУ 4 ГБ DDR4 1600 МГц 2 канала; FLASH память 32 ГБ eMMC HS200; 1x слот microSD, 1x мини-USB OTG, часы реального времени. Дисплей 15'' TFT (1024х768); корпус для крепления на щит, габаритные размеры, мм 360х318х97, интерфейсы 1х Ethernet 10/100, 1х RS-232, 3х RS-485, 1х USB 2.0 HOST, 1х аудио вход, 1х аудио выход. 2 корзины по 8 модулей расширения. Предустановленная среда исполнения MasterSCADA 4D комплектация базовая на 5000 точек, клиент визуализации | C92: 119000 | D92: =C92*1.22 -> 145180
A93: ПЛК СТАБУР 15.М10К 4/32 (Х+Х+Х+Х+Х+Х+Х+Х+Х+Х+Х+Х+Х+Х+Х+Х) | B93: Программируемый логический контроллер ПЛК СТАБУР 15.Процессор 4х-ядерный ARM v8.2-A Cortex-A55, 64 бит, 2 ГГц; Видеоускоритель Mali-G52; ОЗУ 4 ГБ DDR4 1600 МГц 2 канала; FLASH память 32 ГБ eMMC HS200; 1x слот microSD, 1x мини-USB OTG, часы реального времени. Дисплей 15'' TFT (1024х768); корпус для крепления на щит, габаритные размеры, мм 360х318х97, интерфейсы 1х Ethernet 10/100, 1х RS-232, 3х RS-485, 1х USB 2.0 HOST, 1х аудио вход, 1х аудио выход. 2 корзины по 8 модулей расширения. Предустановленная среда исполнения MasterSCADA 4D комплектация базовая на 10000 точек, клиент визуализации | E93: по запросу
A94: ПЛК СТАБУР 17.М0K5 | B94: Программируемый логический контроллер ПЛК СТАБУР 17. Процессор 4х-ядерный ARM v8.2-A Cortex-A55, 64 бит, 2 ГГц; Видеоускоритель Mali-G52; ОЗУ 1 ГБ DDR4 1600 МГц 2 канала; FLASH память 4ГБ eMMC HS200; 1x слот microSD, 1x мини-USB OTG, часы реального времени. Дисплей 17'' TFT (1280х1024); корпус для крепления на щит или на кронштейн 75х75 (VESA), габаритные размеры, мм 391х358х55, интерфейсы 1х Ethernet 10/100, 1х RS-232, 3х RS-485, 1х USB 2.0 HOST, 1х аудио вход, 1х аудио выход. Без корзин для модулей расширения. Предустановленная среда исполнения MasterSCADA 4D комплектация базовая на 500 точек, клиент визуализации | C94: 100500 | D94: =C94*1.22 -> 122610
A95: ПЛК СТАБУР 17.М0K5 4/32 | B95: Программируемый логический контроллер ПЛК СТАБУР 17. Процессор 4х-ядерный ARM v8.2-A Cortex-A55, 64 бит, 2 ГГц; Видеоускоритель Mali-G52; ОЗУ 4 ГБ DDR4 1600 МГц 2 канала; FLASH память 32 ГБ eMMC HS200; 1x слот microSD, 1x мини-USB OTG, часы реального времени. Дисплей 17'' TFT (1280х1024); корпус для крепления на щит или на кронштейн 75х75 (VESA), габаритные размеры, мм 391х358х55, интерфейсы 1х Ethernet 10/100, 1х RS-232, 3х RS-485, 1х USB 2.0 HOST, 1х аудио вход, 1х аудио выход. Без корзин для модулей расширения. Предустановленная среда исполнения MasterSCADA 4D комплектация базовая на 500 точек, клиент визуализации | C95: 110500 | D95: =C95*1.22 -> 134810
A96: ПЛК СТАБУР 17.М1K0 | B96: Программируемый логический контроллер ПЛК СТАБУР 17. Процессор 4х-ядерный ARM v8.2-A Cortex-A55, 64 бит, 2 ГГц; Видеоускоритель Mali-G52; ОЗУ 1 ГБ DDR4 1600 МГц 2 канала; FLASH память 4ГБ eMMC HS200; 1x слот microSD, 1x мини-USB OTG, часы реального времени. Дисплей 17'' TFT (1280х1024); корпус для крепления на щит или на кронштейн 75х75 (VESA), габаритные размеры, мм 391х358х55, интерфейсы 1х Ethernet 10/100, 1х RS-232, 3х RS-485, 1х USB 2.0 HOST, 1х аудио вход, 1х аудио выход. Без корзин для модулей расширения. Предустановленная среда исполнения MasterSCADA 4D комплектация базовая на 1000 точек, клиент визуализации | C96: 106500 | D96: =C96*1.22 -> 129930
A97: ПЛК СТАБУР 17.М1K0 4/32 | B97: Программируемый логический контроллер ПЛК СТАБУР 17. Процессор 4х-ядерный ARM v8.2-A Cortex-A55, 64 бит, 2 ГГц; Видеоускоритель Mali-G52; ОЗУ 1 ГБ DDR4 1600 МГц 2 канала; FLASH память 4ГБ eMMC HS200; 1x слот microSD, 1x мини-USB OTG, часы реального времени. Дисплей 17'' TFT (1280х1024); корпус для крепления на щит или на кронштейн 75х75 (VESA), габаритные размеры, мм 391х358х55, интерфейсы 1х Ethernet 10/100, 1х RS-232, 3х RS-485, 1х USB 2.0 HOST, 1х аудио вход, 1х аудио выход. Без корзин для модулей расширения. Предустановленная среда исполнения MasterSCADA 4D комплектация базовая на 1000 точек, клиент визуализации | C97: 116500 | D97: =C97*1.22 -> 142130
A98: ПЛК СТАБУР 17.М2K5 | B98: Программируемый логический контроллер ПЛК СТАБУР 17. Процессор 4х-ядерный ARM v8.2-A Cortex-A55, 64 бит, 2 ГГц; Видеоускоритель Mali-G52; ОЗУ 1 ГБ DDR4 1600 МГц 2 канала; FLASH память 4ГБ eMMC HS200; 1x слот microSD, 1x мини-USB OTG, часы реального времени. Дисплей 17'' TFT (1280х1024); корпус для крепления на щит или на кронштейн 75х75 (VESA), габаритные размеры, мм 391х358х55, интерфейсы 1х Ethernet 10/100, 1х RS-232, 3х RS-485, 1х USB 2.0 HOST, 1х аудио вход, 1х аудио выход. Без корзин для модулей расширения. Предустановленная среда исполнения MasterSCADA 4D комплектация базовая на 2500 точек, клиент визуализации | C98: 112500 | D98: =C98*1.22 -> 137250
A99: ПЛК СТАБУР 17.М2K5 4/32 | B99: Программируемый логический контроллер ПЛК СТАБУР 17. Процессор 4х-ядерный ARM v8.2-A Cortex-A55, 64 бит, 2 ГГц; Видеоускоритель Mali-G52; ОЗУ 4 ГБ DDR4 1600 МГц 2 канала; FLASH память 32 ГБ eMMC HS200; 1x слот microSD, 1x мини-USB OTG, часы реального времени. Дисплей 17'' TFT (1280х1024); корпус для крепления на щит или на кронштейн 75х75 (VESA), габаритные размеры, мм 391х358х55, интерфейсы 1х Ethernet 10/100, 1х RS-232, 3х RS-485, 1х USB 2.0 HOST, 1х аудио вход, 1х аудио выход. Без корзин для модулей расширения. Предустановленная среда исполнения MasterSCADA 4D комплектация базовая на 2500 точек, клиент визуализации | C99: 122500 | D99: =C99*1.22 -> 149450
A100: ПЛК СТАБУР 17.М5K0 | B100: Программируемый логический контроллер ПЛК СТАБУР 17. Процессор 4х-ядерный ARM v8.2-A Cortex-A55, 64 бит, 2 ГГц; Видеоускоритель Mali-G52; ОЗУ 1 ГБ DDR4 1600 МГц 2 канала; FLASH память 4ГБ eMMC HS200; 1x слот microSD, 1x мини-USB OTG, часы реального времени. Дисплей 17'' TFT (1280х1024); корпус для крепления на щит или на кронштейн 75х75 (VESA), габаритные размеры, мм 391х358х55, интерфейсы 1х Ethernet 10/100, 1х RS-232, 3х RS-485, 1х USB 2.0 HOST, 1х аудио вход, 1х аудио выход. Без корзин для модулей расширения. Предустановленная среда исполнения MasterSCADA 4D комплектация базовая на 5000 точек, клиент визуализации | C100: 118500 | D100: =C100*1.22 -> 144570
...

Sheet ПО СТАБУР 05-24 CODESYS
A1: ='ПЛК СТАБУР 05-24 CODESYS'!A1 -> 12.03.2026 Прайс лист на продукцию ПЛК/ПО/ПК СТАБУР ООО ПО «Промсвязь»
A2: Примеры полного условного обозначения прибора: ПО СТАБУР 21 панель оператора СТАБУР с экраном размером 21,5'', без модулей ввода-вывода и без корзины для их установки. Предустановленная среда исполнения CODESYS 3.5. ПО СТАБУР 05 (ETH232+AUSBH+RS485+PS24+WIFIBT+GSM+CAN+X) – Панель оператора СТАБУР с экраном размером 5'', с одной корзиной для модулей, с установленными модулями интерфейсов: в слоте №1 – ETH232, №2 – AUSBH №3 – RS485, №4 – PS24, №5 – WIFIBT, №6 – GSM, №7 – CAN. В слоте №8 модули отсутствуют. Предустановленная среда исполнения CODESYS 3.5. ПО СТАБУР 17 (GSM+CAN+Х+Х+WIFIBT+X+Х+Х) – Панель оператора СТАБУР с экраном размером 17'', с одной корзиной для модулей, с установленными модулями интерфейсов: в слоте №1 – GSM, №2 – CAN, №5 – WIFIBT. В слотах №3, №4 и №6, №7,№8 модули отсутствуют. Предустановленная среда исполнения CODESYS 3.5.
A3: Модель | B3: Описание | C3: Цена без НДС | D3: Цена С НДС 22%
A4: ПО СТАБУР 05 (ETH232+Х+Х+PS24+Х+Х+Х+Х) | B4: Панель оператора ПО СТАБУР 05 (ETH232+Х+Х+PS24+Х+Х+Х+Х), Пластиковый корпус. Процессор 4х-ядерный ARM v8.2-A Cortex-A55, 64 бит, 2 ГГц; Видеоускоритель Mali-G52; ОЗУ 1 ГБ DDR4 1600 МГц 2 канала; FLASH память 4ГБ eMMC HS200; 1x слот microSD, 1x мини-USB OTG, часы реального времени. Дисплей 5.0'' TFT (800х480). Модуль расширения ETH232 - модуль интерфейсов 1х Ethernet 10/100 Мбит и 1х RS-232 установлен в слот №1, PS24 — модуль питания 24В установлен в слот №4.Корпус для крепления на щит, габаритные размеры, мм 140x140x88. Возможность дополнительной установки до 5 модулей интерфейсов. Предустановленная среда исполнения CODESYS 3.5 | C4: 29650 | D4: =C4*1.22 -> 36173
A5: ПО СТАБУР 05 4/32 (ETH232+Х+Х+PS24+Х+Х+Х+Х) | B5: Панель оператора ПО СТАБУР 05 (ETH232+Х+Х+PS24+Х+Х+Х+Х), Пластиковый корпус. Процессор 4х-ядерный ARM v8.2-A Cortex-A55, 64 бит, 2 ГГц; Видеоускоритель Mali-G52; ОЗУ 4 ГБ DDR4 1600 МГц 2 канала; FLASH память 32 ГБ eMMC HS200; 1x слот microSD, 1x мини-USB OTG, часы реального времени. Дисплей 5.0'' TFT (800х480). Модуль расширения ETH232 - модуль интерфейсов 1х Ethernet 10/100 Мбит и 1х RS-232 установлен в слот №1, PS24 — модуль питания 24В установлен в слот №4.Корпус для крепления на щит, габаритные размеры, мм 140x140x88. Возможность дополнительной установки до 5 модулей интерфейсов. Предустановленная среда исполнения CODESYS 3.5 | C5: 39650 | D5: =C5*1.22 -> 48373
A6: ПО СТАБУР 07 (ETH232+Х+Х+PS24+Х+Х+Х+Х) | B6: Панель оператора ПО СТАБУР 07 (ETH232+Х+Х+PS24+Х+Х+Х+Х), Пластиковый корпус. Процессор 4х-ядерный ARM v8.2-A Cortex-A55, 64 бит, 2 ГГц; Видеоускоритель Mali-G52; ОЗУ 1 ГБ DDR4 1600 МГц 2 канала; FLASH память 4ГБ eMMC HS200; 1x слот microSD, 1x мини-USB OTG, часы реального времени. Дисплей 7.0'' TFT (800х480). Модуль расширения ETH232 - модуль интерфейсов 1х Ethernet 10/100 Мбит и 1х RS-232 установлен в слот №1, модуль расширения PS24 — модуль питания 24В установлен в слот №4.Корпус для крепления на щит, габаритные размеры, мм 185х160х91. Возможность дополнительной установки до 5 модулей интерфейсов. Предустановленная среда исполнения CODESYS 3.5 | C6: 37450 | D6: =C6*1.22 -> 45689
A7: ПО СТАБУР 07 4/32 (ETH232+Х+Х+PS24+Х+Х+Х+Х) | B7: Панель оператора ПО СТАБУР 07 (ETH232+Х+Х+PS24+Х+Х+Х+Х), Пластиковый корпус. Процессор 4х-ядерный ARM v8.2-A Cortex-A55, 64 бит, 2 ГГц; Видеоускоритель Mali-G52; ОЗУ 4 ГБ DDR4 1600 МГц 2 канала; FLASH память 32 ГБ eMMC HS200; 1x слот microSD, 1x мини-USB OTG, часы реального времени. Дисплей 7.0'' TFT (800х480). Модуль расширения ETH232 - модуль интерфейсов 1х Ethernet 10/100 Мбит и 1х RS-232 установлен в слот №1, модуль расширения PS24 — модуль питания 24В установлен в слот №4.Корпус для крепления на щит, габаритные размеры, мм 185х160х91. Возможность дополнительной установки до 5 модулей интерфейсов. Предустановленная среда исполнения CODESYS 3.5 | C7: 47450 | D7: =C7*1.22 -> 57889
A8: ПО СТАБУР 10 | B8: Панель оператора ПО СТАБУР 10. Процессор 4х-ядерный ARM v8.2-A Cortex-A55, 64 бит, 2 ГГц; Видеоускоритель Mali-G52; ОЗУ 1 ГБ DDR4 1600 МГц 2 канала; FLASH память 4ГБ eMMC HS200; 1x слот microSD, 1x мини-USB OTG, часы реального времени. Дисплей 10.4'' TFT (1024х768); корпус для крепления на щит или на кронштейн 75х75 (VESA), габаритные размеры, мм 289х210х58, интерфейсы 1х Ethernet 10/100, 1х RS-232, 3х RS-485, 1х USB 2.0 HOST, 1х аудио вход, 1х аудио выход. Без корзин для модулей расширения. Предустановленная среда исполнения CODESYS 3.5 | C8: 51450 | D8: =C8*1.22 -> 62769
A9: ПО СТАБУР 10 4/32 | B9: Панель оператора ПО СТАБУР 10. Процессор 4х-ядерный ARM v8.2-A Cortex-A55, 64 бит, 2 ГГц; Видеоускоритель Mali-G52; ОЗУ 4 ГБ DDR4 1600 МГц 2 канала; FLASH память 32 ГБ eMMC HS200; 1x слот microSD, 1x мини-USB OTG, часы реального времени. Дисплей 10.4'' TFT (1024х768); корпус для крепления на щит или на кронштейн 75х75 (VESA), габаритные размеры, мм 289х210х58, интерфейсы 1х Ethernet 10/100, 1х RS-232, 3х RS-485, 1х USB 2.0 HOST, 1х аудио вход, 1х аудио выход. Без корзин для модулей расширения. Предустановленная среда исполнения CODESYS 3.5 | C9: 61450 | D9: =C9*1.22 -> 74969
A10: ПО СТАБУР 10 (ETH232+Х+Х+PS24+Х+Х+Х+Х) | B10: Панель оператора ПО СТАБУР 10 (ETH232+Х+Х+PS24+Х+Х+Х+Х), Пластиковый корпус. Процессор 4х-ядерный ARM v8.2-A Cortex-A55, 64 бит, 2 ГГц; Видеоускоритель Mali-G52; ОЗУ 1 ГБ DDR4 1600 МГц 2 канала; FLASH память 4ГБ eMMC HS200; 1x слот microSD, 1x мини-USB OTG, часы реального времени. Дисплей 10.1'' TFT (1024х600). Модуль расширения ETH232 - модуль интерфейсов 1х Ethernet 10/100 Мбит и 1х RS-232 установлен в слот №1, модуль расширения PS24 — модуль питания 24В установлен в слот №4.Корпус для крепления на щит, габаритные размеры, мм 260х210х93. Возможность дополнительной установки до 5 модулей интерфейсов. Предустановленная среда исполнения CODESYS 3.5 | C10: 44450 | D10: =C10*1.22 -> 54229
A11: ПО СТАБУР 10 4/32 (ETH232+Х+Х+PS24+Х+Х+Х+Х) | B11: Панель оператора ПО СТАБУР 10 (ETH232+Х+Х+PS24+Х+Х+Х+Х), Пластиковый корпус. Процессор 4х-ядерный ARM v8.2-A Cortex-A55, 64 бит, 2 ГГц; Видеоускоритель Mali-G52; ОЗУ 4 ГБ DDR4 1600 МГц 2 канала; FLASH память 32 ГБ eMMC HS200; 1x слот microSD, 1x мини-USB OTG, часы реального времени. Дисплей 10.1'' TFT (1024х600). Модуль расширения ETH232 - модуль интерфейсов 1х Ethernet 10/100 Мбит и 1х RS-232 установлен в слот №1, модуль расширения PS24 — модуль питания 24В установлен в слот №4.Корпус для крепления на щит, габаритные размеры, мм 260х210х93. Возможность дополнительной установки до 5 модулей интерфейсов. Предустановленная среда исполнения CODESYS 3.5 | C11: 54450 | D11: =C11*1.22 -> 66429
A12: ПО СТАБУР 12 | B12: Панель оператора ПО СТАБУР 12. Процессор 4х-ядерный ARM v8.2-A Cortex-A55, 64 бит, 2 ГГц; Видеоускоритель Mali-G52; ОЗУ 1 ГБ DDR4 1600 МГц 2 канала; FLASH память 4ГБ eMMC HS200; 1x слот microSD, 1x мини-USB OTG, часы реального времени. Дисплей 12.1'' TFT (1024х768); корпус для крепления на щит или на кронштейн 75х75 (VESA), габаритные размеры, мм 293х267х45, интерфейсы 1х Ethernet 10/100, 1х RS-232, 3х RS-485, 1х USB 2.0 HOST, 1х аудио вход, 1х аудио выход. Без корзин для модулей расширения. Предустановленная среда исполнения CODESYS 3.5 | C12: 53750 | D12: =C12*1.22 -> 65575
A13: ПО СТАБУР 12 4/32 | B13: Панель оператора ПО СТАБУР 12. Процессор 4х-ядерный ARM v8.2-A Cortex-A55, 64 бит, 2 ГГц; Видеоускоритель Mali-G52; ОЗУ 4 ГБ DDR4 1600 МГц 2 канала; FLASH память 32 ГБ eMMC HS200; 1x слот microSD, 1x мини-USB OTG, часы реального времени. Дисплей 12.1'' TFT (1024х768); корпус для крепления на щит или на кронштейн 75х75 (VESA), габаритные размеры, мм 293х267х45, интерфейсы 1х Ethernet 10/100, 1х RS-232, 3х RS-485, 1х USB 2.0 HOST, 1х аудио вход, 1х аудио выход. Без корзин для модулей расширения. Предустановленная среда исполнения CODESYS 3.5 | C13: 63750 | D13: =C13*1.22 -> 77775
A14: ПО СТАБУР 12 (Х+Х+Х+Х+Х+Х+Х+Х) | B14: Панель оператора ПО СТАБУР 12. Процессор 4х-ядерный ARM v8.2-A Cortex-A55, 64 бит, 2 ГГц; Видеоускоритель Mali-G52; ОЗУ 1 ГБ DDR4 1600 МГц 2 канала; FLASH память 4ГБ eMMC HS200; 1x слот microSD, 1x мини-USB OTG, часы реального времени. Дисплей 12.1'' TFT (1024х768); корпус для крепления на щит, габаритные размеры, мм 293х267х94, интерфейсы 1х Ethernet 10/100, 1х RS-232, 3х RS-485, 1х USB 2.0 HOST, 1х аудио вход, 1х аудио выход. 1 корзина на 8 модулей расширения. Возможность дополнительной установки до 3 модулей интерфейсов. Предустановленная среда исполнения CODESYS 3.5 | C14: 53750 | D14: =C14*1.22 -> 65575
A15: ПО СТАБУР 12 4/32 (Х+Х+Х+Х+Х+Х+Х+Х) | B15: Панель оператора ПО СТАБУР 12. Процессор 4х-ядерный ARM v8.2-A Cortex-A55, 64 бит, 2 ГГц; Видеоускоритель Mali-G52; ОЗУ 4 ГБ DDR4 1600 МГц 2 канала; FLASH память 32 ГБ eMMC HS200; 1x слот microSD, 1x мини-USB OTG, часы реального времени. Дисплей 12.1'' TFT (1024х768); корпус для крепления на щит, габаритные размеры, мм 293х267х94, интерфейсы 1х Ethernet 10/100, 1х RS-232, 3х RS-485, 1х USB 2.0 HOST, 1х аудио вход, 1х аудио выход. 1 корзина на 8 модулей расширения. Возможность дополнительной установки до 3 модулей интерфейсов. Предустановленная среда исполнения CODESYS 3.5 | C15: 63750 | D15: =C15*1.22 -> 77775
... A35: ПО СТАБУР 24 4/32 (Х+Х+Х+Х+Х+Х+Х+Х) | B35: Панель оператора ПО СТАБУР 24. Процессор 4х-ядерный ARM v8.2-A Cortex-A55, 64 бит, 2 ГГц; Видеоускоритель Mali-G52; ОЗУ 4 ГБ DDR4 1600 МГц 2 канала; FLASH память 32 ГБ eMMC HS200; 1x слот microSD, 1x мини-USB OTG, часы реального времени. Дисплей 24'' TFT (1920х1080); корпус для крепления на щит, интерфейсы 1х Ethernet 10/100, 1х RS-232, 3х RS-485, 1х USB 2.0 HOST, 1х аудио вход, 1х аудио выход. 1 корзина на 8 модулей расширения. Возможность дополнительной установки до 3 модулей интерфейсов. Предустановленная среда исполнения CODESYS 3.5 | C35: 134500 | D35: =C35*1.22 -> 164090

Sheet ПО СТАБУР 05-24 MasterSCADA 4D
A1: ='ПЛК СТАБУР 05-24 CODESYS'!A1 -> 12.03.2026 Прайс лист на продукцию ПЛК/ПО/ПК СТАБУР ООО ПО «Промсвязь»
A2: Примеры полного условного обозначения прибора: ПО СТАБУР 21.M0K5 панель оператора СТАБУР с экраном размером 21,5'', без модулей ввода-вывода и без корзины для их установки. Предустановленная среда исполнения MasterSCADA 4D на 500 точек. ПО СТАБУР 05.М2К5 (ETH232+AUSBH+RS485+PS24+WIFIBT+GSM+CAN+X) – Панель оператора СТАБУР с экраном размером 5'', с одной корзиной для модулей с установленными модулями интерфейсов: в слоте №1 – ETH232, №2 – AUSBH №3 – RS485, №4 – PS24, №5 – WIFIBT, №6 – GSM, №7 – CAN. В слоте №8 модули отсутствуют. Предустановленная среда исполнения MasterSCADA 4D на 2500 точек. ПО СТАБУР 17.М5К0 (GSM+CAN+Х+Х+WIFIBT+X+Х+Х) – Панель оператора СТАБУР с экраном размером 17'', с одной корзиной для модулей, с установленными модулями интерфейсов: в слоте №1 – GSM, №2 – CAN, №5 – WIFIBT. В слотах №3, №4 и №6, №7,№8 модули отсутствуют. Предустановленная среда исполнения MasterSCADA 4D на 5000 точек.
A3: Модель | B3: Описание | C3: Цена без НДС | D3: Цена С НДС 22%
A4: ПО СТАБУР 05.М0К5 (ETH232+Х+Х+PS24+Х+Х+Х+Х) | B4: Панель оператора ПО СТАБУР 05 (ETH232+Х+Х+PS24+Х+Х+Х+Х), Пластиковый корпус. Процессор 4х-ядерный ARM v8.2-A Cortex-A55, 64 бит, 2 ГГц; Видеоускоритель Mali-G52; ОЗУ 1 ГБ DDR4 1600 МГц 2 канала; FLASH память 4ГБ eMMC HS200; 1x слот microSD, 1x мини-USB OTG, часы реального времени. Дисплей 5.0'' TFT (800х480). Модуль расширения ETH232 - модуль интерфейсов 1х Ethernet 10/100 Мбит и 1х RS-232 установлен в слот №1, PS24 — модуль питания 24В установлен в слот №4.Корпус для крепления на щит, габаритные размеры, мм 140x140x88. Возможность дополнительной установки до 5 модулей интерфейсов. Предустановленная среда исполнения MasterSCADA 4D комплектация базовая на 500 точек, клиент визуализации. | C4: 44650 | D4: =C4*1.22 -> 54473
A5: ПО СТАБУР 05.М0К5 4/32 (ETH232+Х+Х+PS24+Х+Х+Х+Х) | B5: Панель оператора ПО СТАБУР 05 (ETH232+Х+Х+PS24+Х+Х+Х+Х), Пластиковый корпус. Процессор 4х-ядерный ARM v8.2-A Cortex-A55, 64 бит, 2 ГГц; Видеоускоритель Mali-G52; ОЗУ 4 ГБ DDR4 1600 МГц 2 канала; FLASH память 32 ГБ eMMC HS200; 1x слот microSD, 1x мини-USB OTG, часы реального времени. Дисплей 5.0'' TFT (800х480). Модуль расширения ETH232 - модуль интерфейсов 1х Ethernet 10/100 Мбит и 1х RS-232 установлен в слот №1, PS24 — модуль питания 24В установлен в слот №4.Корпус для крепления на щит, габаритные размеры, мм 140x140x88. Возможность дополнительной установки до 5 модулей интерфейсов. Предустановленная среда исполнения MasterSCADA 4D комплектация базовая на 500 точек, клиент визуализации. | C5: 54650 | D5: =C5*1.22 -> 66673
A6: ПО СТАБУР 05.М1K0 (ETH232+Х+Х+PS24+Х+Х+Х+Х) | B6: Панель оператора ПО СТАБУР 05 (ETH232+Х+Х+PS24+Х+Х+Х+Х), Пластиковый корпус. Процессор 4х-ядерный ARM v8.2-A Cortex-A55, 64 бит, 2 ГГц; Видеоускоритель Mali-G52; ОЗУ 1 ГБ DDR4 1600 МГц 2 канала; FLASH память 4ГБ eMMC HS200; 1x слот microSD, 1x мини-USB OTG, часы реального времени. Дисплей 5.0'' TFT (800х480). Модуль расширения ETH232 - модуль интерфейсов 1х Ethernet 10/100 Мбит и 1х RS-232 установлен в слот №1, PS24 — модуль питания 24В установлен в слот №4.Корпус для крепления на щит, габаритные размеры, мм 140x140x88. Возможность дополнительной установки до 5 модулей интерфейсов. Предустановленная среда исполнения MasterSCADA 4D комплектация базовая на 1000 точек, клиент визуализации | C6: 50650 | D6: =C6*1.22 -> 61793
A7: ПО СТАБУР 05.М1K0 4/32 (ETH232+Х+Х+PS24+Х+Х+Х+Х) | B7: Панель оператора ПО СТАБУР 05 (ETH232+Х+Х+PS24+Х+Х+Х+Х), Пластиковый корпус. Процессор 4х-ядерный ARM v8.2-A Cortex-A55, 64 бит, 2 ГГц; Видеоускоритель Mali-G52; ОЗУ 4 ГБ DDR4 1600 МГц 2 канала; FLASH память 32 ГБ eMMC HS200; 1x слот microSD, 1x мини-USB OTG, часы реального времени. Дисплей 5.0'' TFT (800х480). Модуль расширения ETH232 - модуль интерфейсов 1х Ethernet 10/100 Мбит и 1х RS-232 установлен в слот №1, PS24 — модуль питания 24В установлен в слот №4.Корпус для крепления на щит, габаритные размеры, мм 140x140x88. Возможность дополнительной установки до 5 модулей интерфейсов. Предустановленная среда исполнения MasterSCADA 4D комплектация базовая на 1000 точек, клиент визуализации | C7: 60650 | D7: =C7*1.22 -> 73993
A8: ПО СТАБУР 05.М2K5 (ETH232+Х+Х+PS24+Х+Х+Х+Х) | B8: Панель оператора ПО СТАБУР 05 (ETH232+Х+Х+PS24+Х+Х+Х+Х), Пластиковый корпус. Процессор 4х-ядерный ARM v8.2-A Cortex-A55, 64 бит, 2 ГГц; Видеоускоритель Mali-G52; ОЗУ 1 ГБ DDR4 1600 МГц 2 канала; FLASH память 4ГБ eMMC HS200; 1x слот microSD, 1x мини-USB OTG, часы реального времени. Дисплей 5.0'' TFT (800х480). Модуль расширения ETH232 - модуль интерфейсов 1х Ethernet 10/100 Мбит и 1х RS-232 установлен в слот №1, PS24 — модуль питания 24В установлен в слот №4.Корпус для крепления на щит, габаритные размеры, мм 140x140x88. Возможность дополнительной установки до 5 модулей интерфейсов. Предустановленная среда исполнения MasterSCADA 4D комплектация базовая на 2500 точек, клиент визуализации | C8: 56650 | D8: =C8*1.22 -> 69113
A9: ПО СТАБУР 05.М2K5 4/32 (ETH232+Х+Х+PS24+Х+Х+Х+Х) | B9: Панель оператора ПО СТАБУР 05 (ETH232+Х+Х+PS24+Х+Х+Х+Х), Пластиковый корпус. Процессор 4х-ядерный ARM v8.2-A Cortex-A55, 64 бит, 2 ГГц; Видеоускоритель Mali-G52; ОЗУ 4 ГБ DDR4 1600 МГц 2 канала; FLASH память 32 ГБ eMMC HS200; 1x слот microSD, 1x мини-USB OTG, часы реального времени. Дисплей 5.0'' TFT (800х480). Модуль расширения ETH232 - модуль интерфейсов 1х Ethernet 10/100 Мбит и 1х RS-232 установлен в слот №1, PS24 — модуль питания 24В установлен в слот №4.Корпус для крепления на щит, габаритные размеры, мм 140x140x88. Возможность дополнительной установки до 5 модулей интерфейсов. Предустановленная среда исполнения MasterSCADA 4D комплектация базовая на 2500 точек, клиент визуализации | C9: 66650 | D9: =C9*1.22 -> 81313
A10: ПО СТАБУР 05.М5K0 (ETH232+Х+Х+PS24+Х+Х+Х+Х) | B10: Панель оператора ПО СТАБУР 05 (ETH232+Х+Х+PS24+Х+Х+Х+Х), Пластиковый корпус. Процессор 4х-ядерный ARM v8.2-A Cortex-A55, 64 бит, 2 ГГц; Видеоускоритель Mali-G52; ОЗУ 1 ГБ DDR4 1600 МГц 2 канала; FLASH память 4ГБ eMMC HS200; 1x слот microSD, 1x мини-USB OTG, часы реального времени. Дисплей 5.0'' TFT (800х480). Модуль расширения ETH232 - модуль интерфейсов 1х Ethernet 10/100 Мбит и 1х RS-232 установлен в слот №1, PS24 — модуль питания 24В установлен в слот №4.Корпус для крепления на щит, габаритные размеры, мм 140x140x88. Возможность дополнительной установки до 5 модулей интерфейсов. Предустановленная среда исполнения MasterSCADA 4D комплектация базовая на 5000 точек, клиент визуализации | C10: 62650 | D10: =C10*1.22 -> 76433
A11: ПО СТАБУР 05.М5K0 4/32 (ETH232+Х+Х+PS24+Х+Х+Х+Х) | B11: Панель оператора ПО СТАБУР 05 (ETH232+Х+Х+PS24+Х+Х+Х+Х), Пластиковый корпус. Процессор 4х-ядерный ARM v8.2-A Cortex-A55, 64 бит, 2 ГГц; Видеоускоритель Mali-G52; ОЗУ 4 ГБ DDR4 1600 МГц 2 канала; FLASH память 32 ГБ eMMC HS200; 1x слот microSD, 1x мини-USB OTG, часы реального времени. Дисплей 5.0'' TFT (800х480). Модуль расширения ETH232 - модуль интерфейсов 1х Ethernet 10/100 Мбит и 1х RS-232 установлен в слот №1, PS24 — модуль питания 24В установлен в слот №4.Корпус для крепления на щит, габаритные размеры, мм 140x140x88. Возможность дополнительной установки до 5 модулей интерфейсов. Предустановленная среда исполнения MasterSCADA 4D комплектация базовая на 5000 точек, клиент визуализации | C11: 72650 | D11: =C11*1.22 -> 88633
A12: ПО СТАБУР 05.М10К 4/32 (ETH232+Х+Х+PS24+Х+Х+Х+Х) | B12: Панель оператора ПО СТАБУР 05 (ETH232+Х+Х+PS24+Х+Х+Х+Х), Пластиковый корпус. Процессор 4х-ядерный ARM v8.2-A Cortex-A55, 64 бит, 2 ГГц; Видеоускоритель Mali-G52; ОЗУ 4 ГБ DDR4 1600 МГц 2 канала; FLASH память 32 ГБ eMMC HS200; 1x слот microSD, 1x мини-USB OTG, часы реального времени. Дисплей 5.0'' TFT (800х480). Модуль расширения ETH232 - модуль интерфейсов 1х Ethernet 10/100 Мбит и 1х RS-232 установлен в слот №1, PS24 — модуль питания 24В установлен в слот №4.Корпус для крепления на щит, габаритные размеры, мм 140x140x88. Возможность дополнительной установки до 5 модулей интерфейсов. Предустановленная среда исполнения MasterSCADA 4D комплектация базовая на 10000 точек, клиент визуализации | E12: по запросу
A13: ПО СТАБУР 07.М0К5 (ETH232+Х+Х+PS24+Х+Х+Х+Х) | B13: Панель оператора ПО СТАБУР 07 (ETH232+Х+Х+PS24+Х+Х+Х+Х), Пластиковый корпус. Процессор 4х-ядерный ARM v8.2-A Cortex-A55, 64 бит, 2 ГГц; Видеоускоритель Mali-G52; ОЗУ 1 ГБ DDR4 1600 МГц 2 канала; FLASH память 4ГБ eMMC HS200; 1x слот microSD, 1x мини-USB OTG, часы реального времени. Дисплей 7.0'' TFT (800х480). Модуль расширения ETH232 - модуль интерфейсов 1х Ethernet 10/100 Мбит и 1х RS-232 установлен в слот №1, модуль расширения PS24 — модуль питания 24В установлен в слот №4.Корпус для крепления на щит, габаритные размеры, мм 185х160х91. Возможность дополнительной установки до 5 модулей интерфейсов. Предустановленная среда исполнения MasterSCADA 4D комплектация базовая на 500 точек, клиент визуализации | C13: 52450 | D13: =C13*1.22 -> 63989
A14: ПО СТАБУР 07.М0К5 4/32 (ETH232+Х+Х+PS24+Х+Х+Х+Х) | B14: Панель оператора ПО СТАБУР 07 (ETH232+Х+Х+PS24+Х+Х+Х+Х), Пластиковый корпус. Процессор 4х-ядерный ARM v8.2-A Cortex-A55, 64 бит, 2 ГГц; Видеоускоритель Mali-G52; ОЗУ 1 ГБ DDR4 1600 МГц 2 канала; FLASH память 4ГБ eMMC HS200; 1x слот microSD, 1x мини-USB OTG, часы реального времени. Дисплей 7.0'' TFT (800х480). Модуль расширения ETH232 - модуль интерфейсов 1х Ethernet 10/100 Мбит и 1х RS-232 установлен в слот №1, модуль расширения PS24 — модуль питания 24В установлен в слот №4.Корпус для крепления на щит, габаритные размеры, мм 185х160х91. Возможность дополнительной установки до 5 модулей интерфейсов. Предустановленная среда исполнения MasterSCADA 4D комплектация базовая на 500 точек, клиент визуализации | C14: 62450 | D14: =C14*1.22 -> 76189
A15: ПО СТАБУР 07.М1K0 (ETH232+Х+Х+PS24+Х+Х+Х+Х) | B15: Панель оператора ПО СТАБУР 07 (ETH232+Х+Х+PS24+Х+Х+Х+Х), Пластиковый корпус. Процессор 4х-ядерный ARM v8.2-A Cortex-A55, 64 бит, 2 ГГц; Видеоускоритель Mali-G52; ОЗУ 1 ГБ DDR4 1600 МГц 2 канала; FLASH память 4ГБ eMMC HS200; 1x слот microSD, 1x мини-USB OTG, часы реального времени. Дисплей 7.0'' TFT (800х480). Модуль расширения ETH232 - модуль интерфейсов 1х Ethernet 10/100 Мбит и 1х RS-232 установлен в слот №1, модуль расширения PS24 — модуль питания 24В установлен в слот №4.Корпус для крепления на щит, габаритные размеры, мм 185х160х91. Возможность дополнительной установки до 5 модулей интерфейсов. Предустановленная среда исполнения MasterSCADA 4D комплектация базовая на 1000 точек, клиент визуализации | C15: 58450 | D15: =C15*1.22 -> 71309
A16: ПО СТАБУР 07.М1K0 4/32 (ETH232+Х+Х+PS24+Х+Х+Х+Х) | B16: Панель оператора ПО СТАБУР 07 (ETH232+Х+Х+PS24+Х+Х+Х+Х), Пластиковый корпус. Процессор 4х-ядерный ARM v8.2-A Cortex-A55, 64 бит, 2 ГГц; Видеоускоритель Mali-G52; ОЗУ 1 ГБ DDR4 1600 МГц 2 канала; FLASH память 4ГБ eMMC HS200; 1x слот microSD, 1x мини-USB OTG, часы реального времени. Дисплей 7.0'' TFT (800х480). Модуль расширения ETH232 - модуль интерфейсов 1х Ethernet 10/100 Мбит и 1х RS-232 установлен в слот №1, модуль расширения PS24 — модуль питания 24В установлен в слот №4.Корпус для крепления на щит, габаритные размеры, мм 185х160х91. Возможность дополнительной установки до 5 модулей интерфейсов. Предустановленная среда исполнения MasterSCADA 4D комплектация базовая на 1000 точек, клиент визуализации | C16: 68450 | D16: =C16*1.22 -> 83509
A17: ПО СТАБУР 07.М2K5 (ETH232+Х+Х+PS24+Х+Х+Х+Х) | B17: Панель оператора ПО СТАБУР 07 (ETH232+Х+Х+PS24+Х+Х+Х+Х), Пластиковый корпус. Процессор 4х-ядерный ARM v8.2-A Cortex-A55, 64 бит, 2 ГГц; Видеоускоритель Mali-G52; ОЗУ 1 ГБ DDR4 1600 МГц 2 канала; FLASH память 4ГБ eMMC HS200; 1x слот microSD, 1x мини-USB OTG, часы реального времени. Дисплей 7.0'' TFT (800х480). Модуль расширения ETH232 - модуль интерфейсов 1х Ethernet 10/100 Мбит и 1х RS-232 установлен в слот №1, модуль расширения PS24 — модуль питания 24В установлен в слот №4.Корпус для крепления на щит, габаритные размеры, мм 185х160х91. Возможность дополнительной установки до 5 модулей интерфейсов. Предустановленная среда исполнения MasterSCADA 4D комплектация базовая на 2500 точек, клиент визуализации | C17: 64450 | D17: =C17*1.22 -> 78629
A18: ПО СТАБУР 07.М2K5 4/32 (ETH232+Х+Х+PS24+Х+Х+Х+Х) | B18: Панель оператора ПО СТАБУР 07 (ETH232+Х+Х+PS24+Х+Х+Х+Х), Пластиковый корпус. Процессор 4х-ядерный ARM v8.2-A Cortex-A55, 64 бит, 2 ГГц; Видеоускоритель Mali-G52; ОЗУ 4 ГБ DDR4 1600 МГц 2 канала; FLASH память 32 ГБ eMMC HS200; 1x слот microSD, 1x мини-USB OTG, часы реального времени. Дисплей 7.0'' TFT (800х480). Модуль расширения ETH232 - модуль интерфейсов 1х Ethernet 10/100 Мбит и 1х RS-232 установлен в слот №1, модуль расширения PS24 — модуль питания 24В установлен в слот №4.Корпус для крепления на щит, габаритные размеры, мм 185х160х91. Возможность дополнительной установки до 5 модулей интерфейсов. Предустановленная среда исполнения MasterSCADA 4D комплектация базовая на 2500 точек, клиент визуализации | C18: 74450 | D18: =C18*1.22 -> 90829
A19: ПО СТАБУР 07.М5K0 (ETH232+Х+Х+PS24+Х+Х+Х+Х) | B19: Панель оператора ПО СТАБУР 07 (ETH232+Х+Х+PS24+Х+Х+Х+Х), Пластиковый корпус. Процессор 4х-ядерный ARM v8.2-A Cortex-A55, 64 бит, 2 ГГц; Видеоускоритель Mali-G52; ОЗУ 1 ГБ DDR4 1600 МГц 2 канала; FLASH память 4ГБ eMMC HS200; 1x слот microSD, 1x мини-USB OTG, часы реального времени. Дисплей 7.0'' TFT (800х480). Модуль расширения ETH232 - модуль интерфейсов 1х Ethernet 10/100 Мбит и 1х RS-232 установлен в слот №1, модуль расширения PS24 — модуль питания 24В установлен в слот №4.Корпус для крепления на щит, габаритные размеры, мм 185х160х91. Возможность дополнительной установки до 5 модулей интерфейсов. Предустановленная среда исполнения MasterSCADA 4D комплектация базовая на 5000 точек, клиент визуализации | C19: 70450 | D19: =C19*1.22 -> 85949
A20: ПО СТАБУР 07.М5K0 4/32 (ETH232+Х+Х+PS24+Х+Х+Х+Х) | B20: Панель оператора ПО СТАБУР 07 (ETH232+Х+Х+PS24+Х+Х+Х+Х), Пластиковый корпус. Процессор 4х-ядерный ARM v8.2-A Cortex-A55, 64 бит, 2 ГГц; Видеоускоритель Mali-G52; ОЗУ 4 ГБ DDR4 1600 МГц 2 канала; FLASH память 32 ГБ eMMC HS200; 1x слот microSD, 1x мини-USB OTG, часы реального времени. Дисплей 7.0'' TFT (800х480). Модуль расширения ETH232 - модуль интерфейсов 1х Ethernet 10/100 Мбит и 1х RS-232 установлен в слот №1, модуль расширения PS24 — модуль питания 24В установлен в слот №4.Корпус для крепления на щит, габаритные размеры, мм 185х160х91. Возможность дополнительной установки до 5 модулей интерфейсов. Предустановленная среда исполнения MasterSCADA 4D комплектация базовая на 5000 точек, клиент визуализации | C20: 80450 | D20: =C20*1.22 -> 98149
A21: ПО СТАБУР 07.М10К 4/32 (ETH232+Х+Х+PS24+Х+Х+Х+Х) | B21: Панель оператора ПО СТАБУР 07 (ETH232+Х+Х+PS24+Х+Х+Х+Х), Пластиковый корпус. Процессор 4х-ядерный ARM v8.2-A Cortex-A55, 64 бит, 2 ГГц; Видеоускоритель Mali-G52; ОЗУ 4 ГБ DDR4 1600 МГц 2 канала; FLASH память 32 ГБ eMMC HS200; 1x слот microSD, 1x мини-USB OTG, часы реального времени. Дисплей 7.0'' TFT (800х480). Модуль расширения ETH232 - модуль интерфейсов 1х Ethernet 10/100 Мбит и 1х RS-232 установлен в слот №1, модуль расширения PS24 — модуль питания 24В установлен в слот №4.Корпус для крепления на щит, габаритные размеры, мм 185х160х91. Возможность дополнительной установки до 5 модулей интерфейсов. Предустановленная среда исполнения MasterSCADA 4D комплектация базовая на 10000 точек, клиент визуализации | E21: по запросу
A22: ПО СТАБУР 10.М0K5 | B22: Панель оператора ПО СТАБУР 10. Металлический корпус. Процессор 4х-ядерный ARM v8.2-A Cortex-A55, 64 бит, 2 ГГц; Видеоускоритель Mali-G52; ОЗУ 1 ГБ DDR4 1600 МГц 2 канала; FLASH память 4ГБ eMMC HS200; 1x слот microSD, 1x мини-USB OTG, часы реального времени. Дисплей 10.4'' TFT (1024х768); корпус для крепления на щит или на кронштейн 75х75 (VESA), габаритные размеры, мм 289х210х58, интерфейсы 1х Ethernet 10/100, 1х RS-232, 3х RS-485, 1х USB 2.0 HOST, 1х аудио вход, 1х аудио выход. Без корзин для модулей расширения. Предустановленная среда исполнения MasterSCADA 4D комплектация базовая на 500 точек, клиент визуализации | C22: 66450 | D22: =C22*1.22 -> 81069
A23: ПО СТАБУР 10.М0K5 4/32 | B23: Панель оператора ПО СТАБУР 10. Металлический корпус. Процессор 4х-ядерный ARM v8.2-A Cortex-A55, 64 бит, 2 ГГц; Видеоускоритель Mali-G52; ОЗУ 4 ГБ DDR4 1600 МГц 2 канала; FLASH память 32 ГБ eMMC HS200; 1x слот microSD, 1x мини-USB OTG, часы реального времени. Дисплей 10.4'' TFT (1024х768); корпус для крепления на щит или на кронштейн 75х75 (VESA), габаритные размеры, мм 289х210х58, интерфейсы 1х Ethernet 10/100, 1х RS-232, 3х RS-485, 1х USB 2.0 HOST, 1х аудио вход, 1х аудио выход. Без корзин для модулей расширения. Предустановленная среда исполнения MasterSCADA 4D комплектация базовая на 500 точек, клиент визуализации | C23: 76450 | D23: =C23*1.22 -> 93269
A24: ПО СТАБУР 10.М1K0 | B24: Панель оператора ПО СТАБУР 10. Металлический корпус. Процессор 4х-ядерный ARM v8.2-A Cortex-A55, 64 бит, 2 ГГц; Видеоускоритель Mali-G52; ОЗУ 1 ГБ DDR4 1600 МГц 2 канала; FLASH память 4ГБ eMMC HS200; 1x слот microSD, 1x мини-USB OTG, часы реального времени. Дисплей 10.4'' TFT (1024х768); корпус для крепления на щит или на кронштейн 75х75 (VESA), габаритные размеры, мм 289х210х58, интерфейсы 1х Ethernet 10/100, 1х RS-232, 3х RS-485, 1х USB 2.0 HOST, 1х аудио вход, 1х аудио выход. Без корзин для модулей расширения. Предустановленная среда исполнения MasterSCADA 4D комплектация базовая на 1000 точек, клиент визуализации | C24: 72450 | D24: =C24*1.22 -> 88389
A25: ПО СТАБУР 10.М1K0 4/32 | B25: Панель оператора ПО СТАБУР 10. Металлический корпус. Процессор 4х-ядерный ARM v8.2-A Cortex-A55, 64 бит, 2 ГГц; Видеоускоритель Mali-G52; ОЗУ 4 ГБ DDR4 1600 МГц 2 канала; FLASH память 32 ГБ eMMC HS200; 1x слот microSD, 1x мини-USB OTG, часы реального времени. Дисплей 10.4'' TFT (1024х768); корпус для крепления на щит или на кронштейн 75х75 (VESA), габаритные размеры, мм 289х210х58, интерфейсы 1х Ethernet 10/100, 1х RS-232, 3х RS-485, 1х USB 2.0 HOST, 1х аудио вход, 1х аудио выход. Без корзин для модулей расширения. Предустановленная среда исполнения MasterSCADA 4D комплектация базовая на 1000 точек, клиент визуализации | C25: 82450 | D25: =C25*1.22 -> 100589
A26: ПО СТАБУР 10.М2K5 | B26: Панель оператора ПО СТАБУР 10. Металлический корпус. Процессор 4х-ядерный ARM v8.2-A Cortex-A55, 64 бит, 2 ГГц; Видеоускоритель Mali-G52; ОЗУ 1 ГБ DDR4 1600 МГц 2 канала; FLASH память 4ГБ eMMC HS200; 1x слот microSD, 1x мини-USB OTG, часы реального времени. Дисплей 10.4'' TFT (1024х768); корпус для крепления на щит или на кронштейн 75х75 (VESA), габаритные размеры, мм 289х210х58, интерфейсы 1х Ethernet 10/100, 1х RS-232, 3х RS-485, 1х USB 2.0 HOST, 1х аудио вход, 1х аудио выход. Без корзин для модулей расширения. Предустановленная среда исполнения MasterSCADA 4D комплектация базовая на 2500 точек, клиент визуализации | C26: 78450 | D26: =C26*1.22 -> 95709
A27: ПО СТАБУР 10.М2K5 4/32 | B27: Панель оператора ПО СТАБУР 10. Металлический корпус. Процессор 4х-ядерный ARM v8.2-A Cortex-A55, 64 бит, 2 ГГц; Видеоускоритель Mali-G52; ОЗУ 4 ГБ DDR4 1600 МГц 2 канала; FLASH память 32 ГБ eMMC HS200; 1x слот microSD, 1x мини-USB OTG, часы реального времени. Дисплей 10.4'' TFT (1024х768); корпус для крепления на щит или на кронштейн 75х75 (VESA), габаритные размеры, мм 289х210х58, интерфейсы 1х Ethernet 10/100, 1х RS-232, 3х RS-485, 1х USB 2.0 HOST, 1х аудио вход, 1х аудио выход. Без корзин для модулей расширения. Предустановленная среда исполнения MasterSCADA 4D комплектация базовая на 2500 точек, клиент визуализации | C27: 88450 | D27: =C27*1.22 -> 107909
A28: ПО СТАБУР 10.М5K0 | B28: Панель оператора ПО СТАБУР 10. Металлический корпус. Процессор 4х-ядерный ARM v8.2-A Cortex-A55, 64 бит, 2 ГГц; Видеоускоритель Mali-G52; ОЗУ 1 ГБ DDR4 1600 МГц 2 канала; FLASH память 4ГБ eMMC HS200; 1x слот microSD, 1x мини-USB OTG, часы реального времени. Дисплей 10.4'' TFT (1024х768); корпус для крепления на щит или на кронштейн 75х75 (VESA), габаритные размеры, мм 289х210х58, интерфейсы 1х Ethernet 10/100, 1х RS-232, 3х RS-485, 1х USB 2.0 HOST, 1х аудио вход, 1х аудио выход. Без корзин для модулей расширения. Предустановленная среда исполнения MasterSCADA 4D комплектация базовая на 5000 точек, клиент визуализации | C28: 84450 | D28: =C28*1.22 -> 103029
A29: ПО СТАБУР 10.М5K0 4/32 | B29: Панель оператора ПО СТАБУР 10. Металлический корпус. Процессор 4х-ядерный ARM v8.2-A Cortex-A55, 64 бит, 2 ГГц; Видеоускоритель Mali-G52; ОЗУ 4 ГБ DDR4 1600 МГц 2 канала; FLASH память 32 ГБ eMMC HS200; 1x слот microSD, 1x мини-USB OTG, часы реального времени. Дисплей 10.4'' TFT (1024х768); корпус для крепления на щит или на кронштейн 75х75 (VESA), габаритные размеры, мм 289х210х58, интерфейсы 1х Ethernet 10/100, 1х RS-232, 3х RS-485, 1х USB 2.0 HOST, 1х аудио вход, 1х аудио выход. Без корзин для модулей расширения. Предустановленная среда исполнения MasterSCADA 4D комплектация базовая на 5000 точек, клиент визуализации | C29: 94450 | D29: =C29*1.22 -> 115229
A30: ПО СТАБУР 10.М10К 4/32 | B30: Панель оператора ПО СТАБУР 10. Металлический корпус. Процессор 4х-ядерный ARM v8.2-A Cortex-A55, 64 бит, 2 ГГц; Видеоускоритель Mali-G52; ОЗУ 4 ГБ DDR4 1600 МГц 2 канала; FLASH память 32 ГБ eMMC HS200; 1x слот microSD, 1x мини-USB OTG, часы реального времени. Дисплей 10.4'' TFT (1024х768); корпус для крепления на щит или на кронштейн 75х75 (VESA), габаритные размеры, мм 289х210х58, интерфейсы 1х Ethernet 10/100, 1х RS-232, 3х RS-485, 1х USB 2.0 HOST, 1х аудио вход, 1х аудио выход. Без корзин для модулей расширения. Предустановленная среда исполнения MasterSCADA 4D комплектация базовая на 10000 точек, клиент визуализации | E30: по запросу
A31: ПО СТАБУР 10.М0К5 (ETH232+Х+Х+PS24+Х+Х+Х+Х) | B31: Панель оператора ПО СТАБУР 10 (ETH232+Х+Х+PS24+Х+Х+Х+Х), Пластиковый корпус. Процессор 4х-ядерный ARM v8.2-A Cortex-A55, 64 бит, 2 ГГц; Видеоускоритель Mali-G52; ОЗУ 1 ГБ DDR4 1600 МГц 2 канала; FLASH память 4ГБ eMMC HS200; 1x слот microSD, 1x мини-USB OTG, часы реального времени. Дисплей 10.1'' TFT (1024х600). Модуль расширения ETH232 - модуль интерфейсов 1х Ethernet 10/100 Мбит и 1х RS-232 установлен в слот №1, модуль расширения PS24 — модуль питания 24В установлен в слот №4.Корпус для крепления на щит, габаритные размеры, мм 260х210х93. Возможность дополнительной установки до 5 модулей интерфейсов. Предустановленная среда исполнения MasterSCADA 4D комплектация базовая на 500 точек, клиент визуализации | C31: 59450 | D31: =C31*1.22 -> 72529
A32: ПО СТАБУР 10.М0К5 4/32 (ETH232+Х+Х+PS24+Х+Х+Х+Х) | B32: Панель оператора ПО СТАБУР 10 (ETH232+Х+Х+PS24+Х+Х+Х+Х), Пластиковый корпус. Процессор 4х-ядерный ARM v8.2-A Cortex-A55, 64 бит, 2 ГГц; Видеоускоритель Mali-G52; ОЗУ 4 ГБ DDR4 1600 МГц 2 канала; FLASH память 32ГБ eMMC HS200; 1x слот microSD, 1x мини-USB OTG, часы реального времени. Дисплей 10.1'' TFT (1024х600). Модуль расширения ETH232 - модуль интерфейсов 1х Ethernet 10/100 Мбит и 1х RS-232 установлен в слот №1, модуль расширения PS24 — модуль питания 24В установлен в слот №4.Корпус для крепления на щит, габаритные размеры, мм 260х210х93. Возможность дополнительной установки до 5 модулей интерфейсов. Предустановленная среда исполнения MasterSCADA 4D комплектация базовая на 500 точек, клиент визуализации | C32: 69450 | D32: =C32*1.22 -> 84729
A33: ПО СТАБУР 10.М1K0 (ETH232+Х+Х+PS24+Х+Х+Х+Х) | B33: Панель оператора ПО СТАБУР 10 (ETH232+Х+Х+PS24+Х+Х+Х+Х), Пластиковый корпус. Процессор 4х-ядерный ARM v8.2-A Cortex-A55, 64 бит, 2 ГГц; Видеоускоритель Mali-G52; ОЗУ 1 ГБ DDR4 1600 МГц 2 канала; FLASH память 4ГБ eMMC HS200; 1x слот microSD, 1x мини-USB OTG, часы реального времени. Дисплей 10.1'' TFT (1024х600). Модуль расширения ETH232 - модуль интерфейсов 1х Ethernet 10/100 Мбит и 1х RS-232 установлен в слот №1, модуль расширения PS24 — модуль питания 24В установлен в слот №4.Корпус для крепления на щит, габаритные размеры, мм 260х210х93. Возможность дополнительной установки до 5 модулей интерфейсов. Предустановленная среда исполнения MasterSCADA 4D комплектация базовая на 1000 точек, клиент визуализации | C33: 65450 | D33: =C33*1.22 -> 79849
A34: ПО СТАБУР 10.М1K0 4/32 (ETH232+Х+Х+PS24+Х+Х+Х+Х) | B34: Панель оператора ПО СТАБУР 10 (ETH232+Х+Х+PS24+Х+Х+Х+Х), Пластиковый корпус. Процессор 4х-ядерный ARM v8.2-A Cortex-A55, 64 бит, 2 ГГц; Видеоускоритель Mali-G52; ОЗУ 4 ГБ DDR4 1600 МГц 2 канала; FLASH память 32 ГБ eMMC HS200; 1x слот microSD, 1x мини-USB OTG, часы реального времени. Дисплей 10.1'' TFT (1024х600). Модуль расширения ETH232 - модуль интерфейсов 1х Ethernet 10/100 Мбит и 1х RS-232 установлен в слот №1, модуль расширения PS24 — модуль питания 24В установлен в слот №4.Корпус для крепления на щит, габаритные размеры, мм 260х210х93. Возможность дополнительной установки до 5 модулей интерфейсов. Предустановленная среда исполнения MasterSCADA 4D комплектация базовая на 1000 точек, клиент визуализации | C34: 75450 | D34: =C34*1.22 -> 92049
A35: ПО СТАБУР 10.М2K5 (ETH232+Х+Х+PS24+Х+Х+Х+Х) | B35: Панель оператора ПО СТАБУР 10 (ETH232+Х+Х+PS24+Х+Х+Х+Х), Пластиковый корпус. Процессор 4х-ядерный ARM v8.2-A Cortex-A55, 64 бит, 2 ГГц; Видеоускоритель Mali-G52; ОЗУ 1 ГБ DDR4 1600 МГц 2 канала; FLASH память 4ГБ eMMC HS200; 1x слот microSD, 1x мини-USB OTG, часы реального времени. Дисплей 10.1'' TFT (1024х600). Модуль расширения ETH232 - модуль интерфейсов 1х Ethernet 10/100 Мбит и 1х RS-232 установлен в слот №1, модуль расширения PS24 — модуль питания 24В установлен в слот №4.Корпус для крепления на щит, габаритные размеры, мм 260х210х93. Возможность дополнительной установки до 5 модулей интерфейсов. Предустановленная среда исполнения MasterSCADA 4D комплектация базовая на 2500 точек, клиент визуализации | C35: 71450 | D35: =C35*1.22 -> 87169
A36: ПО СТАБУР 10.М2K5 4/32 (ETH232+Х+Х+PS24+Х+Х+Х+Х) | B36: Панель оператора ПО СТАБУР 10 (ETH232+Х+Х+PS24+Х+Х+Х+Х), Пластиковый корпус. Процессор 4х-ядерный ARM v8.2-A Cortex-A55, 64 бит, 2 ГГц; Видеоускоритель Mali-G52; ОЗУ 4 ГБ DDR4 1600 МГц 2 канала; FLASH память 32 ГБ eMMC HS200; 1x слот microSD, 1x мини-USB OTG, часы реального времени. Дисплей 10.1'' TFT (1024х600). Модуль расширения ETH232 - модуль интерфейсов 1х Ethernet 10/100 Мбит и 1х RS-232 установлен в слот №1, модуль расширения PS24 — модуль питания 24В установлен в слот №4.Корпус для крепления на щит, габаритные размеры, мм 260х210х93. Возможность дополнительной установки до 5 модулей интерфейсов. Предустановленная среда исполнения MasterSCADA 4D комплектация базовая на 2500 точек, клиент визуализации | C36: 81450 | D36: =C36*1.22 -> 99369
A37: ПО СТАБУР 10.М5K0 (ETH232+Х+Х+PS24+Х+Х+Х+Х) | B37: Панель оператора ПО СТАБУР 10 (ETH232+Х+Х+PS24+Х+Х+Х+Х), Пластиковый корпус. Процессор 4х-ядерный ARM v8.2-A Cortex-A55, 64 бит, 2 ГГц; Видеоускоритель Mali-G52; ОЗУ 1 ГБ DDR4 1600 МГц 2 канала; FLASH память 4ГБ eMMC HS200; 1x слот microSD, 1x мини-USB OTG, часы реального времени. Дисплей 10.1'' TFT (1024х600). Модуль расширения ETH232 - модуль интерфейсов 1х Ethernet 10/100 Мбит и 1х RS-232 установлен в слот №1, модуль расширения PS24 — модуль питания 24В установлен в слот №4.Корпус для крепления на щит, габаритные размеры, мм 260х210х93. Возможность дополнительной установки до 5 модулей интерфейсов. Предустановленная среда исполнения MasterSCADA 4D комплектация базовая на 5000 точек, клиент визуализации | C37: 77450 | D37: =C37*1.22 -> 94489
A38: ПО СТАБУР 10.М5K0 4/32 (ETH232+Х+Х+PS24+Х+Х+Х+Х) | B38: Панель оператора ПО СТАБУР 10 (ETH232+Х+Х+PS24+Х+Х+Х+Х), Пластиковый корпус. Процессор 4х-ядерный ARM v8.2-A Cortex-A55, 64 бит, 2 ГГц; Видеоускоритель Mali-G52; ОЗУ 4 ГБ DDR4 1600 МГц 2 канала; FLASH память 32 ГБ eMMC HS200; 1x слот microSD, 1x мини-USB OTG, часы реального времени. Дисплей 10.1'' TFT (1024х600). Модуль расширения ETH232 - модуль интерфейсов 1х Ethernet 10/100 Мбит и 1х RS-232 установлен в слот №1, модуль расширения PS24 — модуль питания 24В установлен в слот №4.Корпус для крепления на щит, габаритные размеры, мм 260х210х93. Возможность дополнительной установки до 5 модулей интерфейсов. Предустановленная среда исполнения MasterSCADA 4D комплектация базовая на 5000 точек, клиент визуализации | C38: 87450 | D38: =C38*1.22 -> 106689
A39: ПО СТАБУР 10.М10К 4/32 (ETH232+Х+Х+PS24+Х+Х+Х+Х) | B39: Панель оператора ПО СТАБУР 10 (ETH232+Х+Х+PS24+Х+Х+Х+Х), Пластиковый корпус. Процессор 4х-ядерный ARM v8.2-A Cortex-A55, 64 бит, 2 ГГц; Видеоускоритель Mali-G52; ОЗУ 4 ГБ DDR4 1600 МГц 2 канала; FLASH память 32 ГБ eMMC HS200; 1x слот microSD, 1x мини-USB OTG, часы реального времени. Дисплей 10.1'' TFT (1024х600). Модуль расширения ETH232 - модуль интерфейсов 1х Ethernet 10/100 Мбит и 1х RS-232 установлен в слот №1, модуль расширения PS24 — модуль питания 24В установлен в слот №4.Корпус для крепления на щит, габаритные размеры, мм 260х210х93. Возможность дополнительной установки до 5 модулей интерфейсов. Предустановленная среда исполнения MasterSCADA 4D комплектация базовая на 10000 точек, клиент визуализации | E39: по запросу
A40: ПО СТАБУР 12.М0К5 | B40: Панель оператора ПО СТАБУР 12. Процессор 4х-ядерный ARM v8.2-A Cortex-A55, 64 бит, 2 ГГц; Видеоускоритель Mali-G52; ОЗУ 1 ГБ DDR4 1600 МГц 2 канала; FLASH память 4ГБ eMMC HS200; 1x слот microSD, 1x мини-USB OTG, часы реального времени. Дисплей 12.1'' TFT (1024х768); корпус для крепления на щит или на кронштейн 75х75 (VESA), габаритные размеры, мм 293х267х45, интерфейсы 1х Ethernet 10/100, 1х RS-232, 3х RS-485, 1х USB 2.0 HOST, 1х аудио вход, 1х аудио выход. Без корзин для модулей расширения. Предустановленная среда исполнения MasterSCADA 4D комплектация базовая на 500 точек, клиент визуализации | C40: 68750 | D40: =C40*1.22 -> 83875
A41: ПО СТАБУР 12.М0К5 4/32 | B41: Панель оператора ПО СТАБУР 12. Процессор 4х-ядерный ARM v8.2-A Cortex-A55, 64 бит, 2 ГГц; Видеоускоритель Mali-G52; ОЗУ 4 ГБ DDR4 1600 МГц 2 канала; FLASH память 32 ГБ eMMC HS200; 1x слот microSD, 1x мини-USB OTG, часы реального времени. Дисплей 12.1'' TFT (1024х768); корпус для крепления на щит или на кронштейн 75х75 (VESA), габаритные размеры, мм 293х267х45, интерфейсы 1х Ethernet 10/100, 1х RS-232, 3х RS-485, 1х USB 2.0 HOST, 1х аудио вход, 1х аудио выход. Без корзин для модулей расширения. Предустановленная среда исполнения MasterSCADA 4D комплектация базовая на 500 точек, клиент визуализации | C41: 78750 | D41: =C41*1.22 -> 96075
A42: ПО СТАБУР 12.М1K0 | B42: Панель оператора ПО СТАБУР 12. Процессор 4х-ядерный ARM v8.2-A Cortex-A55, 64 бит, 2 ГГц; Видеоускоритель Mali-G52; ОЗУ 1 ГБ DDR4 1600 МГц 2 канала; FLASH память 4ГБ eMMC HS200; 1x слот microSD, 1x мини-USB OTG, часы реального времени. Дисплей 12.1'' TFT (1024х768); корпус для крепления на щит или на кронштейн 75х75 (VESA), габаритные размеры, мм 293х267х45, интерфейсы 1х Ethernet 10/100, 1х RS-232, 3х RS-485, 1х USB 2.0 HOST, 1х аудио вход, 1х аудио выход. Без корзин для модулей расширения. Предустановленная среда исполнения MasterSCADA 4D комплектация базовая на 1000 точек, клиент визуализации | C42: 74750 | D42: =C42*1.22 -> 91195
A43: ПО СТАБУР 12.М1K0 4/32 | B43: Панель оператора ПО СТАБУР 12. Процессор 4х-ядерный ARM v8.2-A Cortex-A55, 64 бит, 2 ГГц; Видеоускоритель Mali-G52; ОЗУ 4 ГБ DDR4 1600 МГц 2 канала; FLASH память 32 ГБ eMMC HS200; 1x слот microSD, 1x мини-USB OTG, часы реального времени. Дисплей 12.1'' TFT (1024х768); корпус для крепления на щит или на кронштейн 75х75 (VESA), габаритные размеры, мм 293х267х45, интерфейсы 1х Ethernet 10/100, 1х RS-232, 3х RS-485, 1х USB 2.0 HOST, 1х аудио вход, 1х аудио выход. Без корзин для модулей расширения. Предустановленная среда исполнения MasterSCADA 4D комплектация базовая на 1000 точек, клиент визуализации | C43: 84750 | D43: =C43*1.22 -> 103395
A44: ПО СТАБУР 12.М2K5 | B44: Панель оператора ПО СТАБУР 12. Процессор 4х-ядерный ARM v8.2-A Cortex-A55, 64 бит, 2 ГГц; Видеоускоритель Mali-G52; ОЗУ 1 ГБ DDR4 1600 МГц 2 канала; FLASH память 4 ГБ eMMC HS200; 1x слот microSD, 1x мини-USB OTG, часы реального времени. Дисплей 12.1'' TFT (1024х768); корпус для крепления на щит или на кронштейн 75х75 (VESA), габаритные размеры, мм 293х267х45, интерфейсы 1х Ethernet 10/100, 1х RS-232, 3х RS-485, 1х USB 2.0 HOST, 1х аудио вход, 1х аудио выход. Без корзин для модулей расширения. Предустановленная среда исполнения MasterSCADA 4D комплектация базовая на 2500 точек, клиент визуализации | C44: 80750 | D44: =C44*1.22 -> 98515
A45: ПО СТАБУР 12.М2K5 4/32 | B45: Панель оператора ПО СТАБУР 12. Процессор 4х-ядерный ARM v8.2-A Cortex-A55, 64 бит, 2 ГГц; Видеоускоритель Mali-G52; ОЗУ 4 ГБ DDR4 1600 МГц 2 канала; FLASH память 32 ГБ eMMC HS200; 1x слот microSD, 1x мини-USB OTG, часы реального времени. Дисплей 12.1'' TFT (1024х768); корпус для крепления на щит или на кронштейн 75х75 (VESA), габаритные размеры, мм 293х267х45, интерфейсы 1х Ethernet 10/100, 1х RS-232, 3х RS-485, 1х USB 2.0 HOST, 1х аудио вход, 1х аудио выход. Без корзин для модулей расширения. Предустановленная среда исполнения MasterSCADA 4D комплектация базовая на 2500 точек, клиент визуализации | C45: 90750 | D45: =C45*1.22 -> 110715
A46: ПО СТАБУР 12.М5K0 | B46: Панель оператора ПО СТАБУР 12. Процессор 4х-ядерный ARM v8.2-A Cortex-A55, 64 бит, 2 ГГц; Видеоускоритель Mali-G52; ОЗУ 1 ГБ DDR4 1600 МГц 2 канала; FLASH память 4 ГБ eMMC HS200; 1x слот microSD, 1x мини-USB OTG, часы реального времени. Дисплей 12.1'' TFT (1024х768); корпус для крепления на щит или на кронштейн 75х75 (VESA), габаритные размеры, мм 293х267х45, интерфейсы 1х Ethernet 10/100, 1х RS-232, 3х RS-485, 1х USB 2.0 HOST, 1х аудио вход, 1х аудио выход. Без корзин для модулей расширения. Предустановленная среда исполнения MasterSCADA 4D комплектация базовая на 5000 точек, клиент визуализации | C46: 86750 | D46: =C46*1.22 -> 105835
A47: ПО СТАБУР 12.М5K0 4/32 | B47: Панель оператора ПО СТАБУР 12. Процессор 4х-ядерный ARM v8.2-A Cortex-A55, 64 бит, 2 ГГц; Видеоускоритель Mali-G52; ОЗУ 4 ГБ DDR4 1600 МГц 2 канала; FLASH память 32 ГБ eMMC HS200; 1x слот microSD, 1x мини-USB OTG, часы реального времени. Дисплей 12.1'' TFT (1024х768); корпус для крепления на щит или на кронштейн 75х75 (VESA), габаритные размеры, мм 293х267х45, интерфейсы 1х Ethernet 10/100, 1х RS-232, 3х RS-485, 1х USB 2.0 HOST, 1х аудио вход, 1х аудио выход. Без корзин для модулей расширения. Предустановленная среда исполнения MasterSCADA 4D комплектация базовая на 5000 точек, клиент визуализации | C47: 96750 | D47: =C47*1.22 -> 118035
A48: ПО СТАБУР 12.М10К 4/32 | B48: Панель оператора ПО СТАБУР 12. Процессор 4х-ядерный ARM v8.2-A Cortex-A55, 64 бит, 2 ГГц; Видеоускоритель Mali-G52; ОЗУ 4 ГБ DDR4 1600 МГц 2 канала; FLASH память 32 ГБ eMMC HS200; 1x слот microSD, 1x мини-USB OTG, часы реального времени. Дисплей 12.1'' TFT (1024х768); корпус для крепления на щит или на кронштейн 75х75 (VESA), габаритные размеры, мм 293х267х45, интерфейсы 1х Ethernet 10/100, 1х RS-232, 3х RS-485, 1х USB 2.0 HOST, 1х аудио вход, 1х аудио выход. Без корзин для модулей расширения. Предустановленная среда исполнения MasterSCADA 4D комплектация базовая на 10000 точек, клиент визуализации | E48: по запросу
A49: ПО СТАБУР 12.М0К5 (Х+Х+Х+Х+Х+Х+Х+Х) | B49: Панель оператора ПО СТАБУР 12. Процессор 4х-ядерный ARM v8.2-A Cortex-A55, 64 бит, 2 ГГц; Видеоускоритель Mali-G52; ОЗУ 1 ГБ DDR4 1600 МГц 2 канала; FLASH память 4 ГБ eMMC HS200; 1x слот microSD, 1x мини-USB OTG, часы реального времени. Дисплей 12.1'' TFT (1024х768); корпус для крепления на щит, габаритные размеры, мм 293х267х94, интерфейсы 1х Ethernet 10/100, 1х RS-232, 3х RS-485, 1х USB 2.0 HOST, 1х аудио вход, 1х аудио выход. 1 корзина на 8 модулей расширения. Возможность дополнительной установки до 3 модулей интерфейсов. Предустановленная среда исполнения MasterSCADA 4D комплектация базовая на 500 точек, клиент визуализации | C49: 68750 | D49: =C49*1.22 -> 83875
A50: ПО СТАБУР 12.М0К5 4/32 (Х+Х+Х+Х+Х+Х+Х+Х) | B50: Панель оператора ПО СТАБУР 12. Процессор 4х-ядерный ARM v8.2-A Cortex-A55, 64 бит, 2 ГГц; Видеоускоритель Mali-G52; ОЗУ 4 ГБ DDR4 1600 МГц 2 канала; FLASH память 32 ГБ eMMC HS200; 1x слот microSD, 1x мини-USB OTG, часы реального времени. Дисплей 12.1'' TFT (1024х768); корпус для крепления на щит, габаритные размеры, мм 293х267х94, интерфейсы 1х Ethernet 10/100, 1х RS-232, 3х RS-485, 1х USB 2.0 HOST, 1х аудио вход, 1х аудио выход. 1 корзина на 8 модулей расширения. Возможность дополнительной установки до 3 модулей интерфейсов. Предустановленная среда исполнения MasterSCADA 4D комплектация базовая на 500 точек, клиент визуализации | C50: 78750 | D50: =C50*1.22 -> 96075
A51: ПО СТАБУР 12.М1K0 (Х+Х+Х+Х+Х+Х+Х+Х) | B51: Панель оператора ПО СТАБУР 12. Процессор 4х-ядерный ARM v8.2-A Cortex-A55, 64 бит, 2 ГГц; Видеоускоритель Mali-G52; ОЗУ 1 ГБ DDR4 1600 МГц 2 канала; FLASH память 4ГБ eMMC HS200; 1x слот microSD, 1x мини-USB OTG, часы реального времени. Дисплей 12.1'' TFT (1024х768); корпус для крепления на щит, габаритные размеры, мм 293х267х94, интерфейсы 1х Ethernet 10/100, 1х RS-232, 3х RS-485, 1х USB 2.0 HOST, 1х аудио вход, 1х аудио выход. 1 корзина на 8 модулей расширения. Возможность дополнительной установки до 3 модулей интерфейсов. Предустановленная среда исполнения MasterSCADA 4D комплектация базовая на 1000 точек, клиент визуализации | C51: 74750 | D51: =C51*1.22 -> 91195
A52: ПО СТАБУР 12.М1K0 4/32 (Х+Х+Х+Х+Х+Х+Х+Х) | B52: Панель оператора ПО СТАБУР 12. Процессор 4х-ядерный ARM v8.2-A Cortex-A55, 64 бит, 2 ГГц; Видеоускоритель Mali-G52; ОЗУ 4 ГБ DDR4 1600 МГц 2 канала; FLASH память 32 ГБ eMMC HS200; 1x слот microSD, 1x мини-USB OTG, часы реального времени. Дисплей 12.1'' TFT (1024х768); корпус для крепления на щит, габаритные размеры, мм 293х267х94, интерфейсы 1х Ethernet 10/100, 1х RS-232, 3х RS-485, 1х USB 2.0 HOST, 1х аудио вход, 1х аудио выход. 1 корзина на 8 модулей расширения. Возможность дополнительной установки до 3 модулей интерфейсов. Предустановленная среда исполнения MasterSCADA 4D комплектация базовая на 1000 точек, клиент визуализации | C52: 84750 | D52: =C52*1.22 -> 103395
A53: ПО СТАБУР 12.М2K5 (Х+Х+Х+Х+Х+Х+Х+Х) | B53: Панель оператора ПО СТАБУР 12. Процессор 4х-ядерный ARM v8.2-A Cortex-A55, 64 бит, 2 ГГц; Видеоускоритель Mali-G52; ОЗУ 1 ГБ DDR4 1600 МГц 2 канала; FLASH память 4 ГБ eMMC HS200; 1x слот microSD, 1x мини-USB OTG, часы реального времени. Дисплей 12.1'' TFT (1024х768); корпус для крепления на щит, габаритные размеры, мм 293х267х94, интерфейсы 1х Ethernet 10/100, 1х RS-232, 3х RS-485, 1х USB 2.0 HOST, 1х аудио вход, 1х аудио выход. 1 корзина на 8 модулей расширения. Возможность дополнительной установки до 3 модулей интерфейсов. Предустановленная среда исполнения MasterSCADA 4D комплектация базовая на 2500 точек, клиент визуализации | C53: 80750 | D53: =C53*1.22 -> 98515
A54: ПО СТАБУР 12.М2K5 4/32 (Х+Х+Х+Х+Х+Х+Х+Х) | B54: Панель оператора ПО СТАБУР 12. Процессор 4х-ядерный ARM v8.2-A Cortex-A55, 64 бит, 2 ГГц; Видеоускоритель Mali-G52; ОЗУ 4 ГБ DDR4 1600 МГц 2 канала; FLASH память 32 ГБ eMMC HS200; 1x слот microSD, 1x мини-USB OTG, часы реального времени. Дисплей 12.1'' TFT (1024х768); корпус для крепления на щит, габаритные размеры, мм 293х267х94, интерфейсы 1х Ethernet 10/100, 1х RS-232, 3х RS-485, 1х USB 2.0 HOST, 1х аудио вход, 1х аудио выход. 1 корзина на 8 модулей расширения. Возможность дополнительной установки до 3 модулей интерфейсов. Предустановленная среда исполнения MasterSCADA 4D комплектация базовая на 2500 точек, клиент визуализации | C54: 90750 | D54: =C54*1.22 -> 110715
A55: ПО СТАБУР 12.М5K0 (Х+Х+Х+Х+Х+Х+Х+Х) | B55: Панель оператора ПО СТАБУР 12. Процессор 4х-ядерный ARM v8.2-A Cortex-A55, 64 бит, 2 ГГц; Видеоускоритель Mali-G52; ОЗУ 1 ГБ DDR4 1600 МГц 2 канала; FLASH память 4ГБ eMMC HS200; 1x слот microSD, 1x мини-USB OTG, часы реального времени. Дисплей 12.1'' TFT (1024х768); корпус для крепления на щит, габаритные размеры, мм 293х267х94, интерфейсы 1х Ethernet 10/100, 1х RS-232, 3х RS-485, 1х USB 2.0 HOST, 1х аудио вход, 1х аудио выход. 1 корзина на 8 модулей расширения. Возможность дополнительной установки до 3 модулей интерфейсов. Предустановленная среда исполнения MasterSCADA 4D комплектация базовая на 5000 точек, клиент визуализации | C55: 86750 | D55: =C55*1.22 -> 105835
A56: ПО СТАБУР 12.М5K0 4/32 (Х+Х+Х+Х+Х+Х+Х+Х) | B56: Панель оператора ПО СТАБУР 12. Процессор 4х-ядерный ARM v8.2-A Cortex-A55, 64 бит, 2 ГГц; Видеоускоритель Mali-G52; ОЗУ 4 ГБ DDR4 1600 МГц 2 канала; FLASH память 32 ГБ eMMC HS200; 1x слот microSD, 1x мини-USB OTG, часы реального времени. Дисплей 12.1'' TFT (1024х768); корпус для крепления на щит, габаритные размеры, мм 293х267х94, интерфейсы 1х Ethernet 10/100, 1х RS-232, 3х RS-485, 1х USB 2.0 HOST, 1х аудио вход, 1х аудио выход. 1 корзина на 8 модулей расширения. Возможность дополнительной установки до 3 модулей интерфейсов. Предустановленная среда исполнения MasterSCADA 4D комплектация базовая на 5000 точек, клиент визуализации | C56: 96750 | D56: =C56*1.22 -> 118035
A57: ПО СТАБУР 12.М10К 4/32 (Х+Х+Х+Х+Х+Х+Х+Х) | B57: Панель оператора ПО СТАБУР 12. Процессор 4х-ядерный ARM v8.2-A Cortex-A55, 64 бит, 2 ГГц; Видеоускоритель Mali-G52; ОЗУ 4 ГБ DDR4 1600 МГц 2 канала; FLASH память 32 ГБ eMMC HS200; 1x слот microSD, 1x мини-USB OTG, часы реального времени. Дисплей 12.1'' TFT (1024х768); корпус для крепления на щит, габаритные размеры, мм 293х267х94, интерфейсы 1х Ethernet 10/100, 1х RS-232, 3х RS-485, 1х USB 2.0 HOST, 1х аудио вход, 1х аудио выход. 1 корзина на 8 модулей расширения. Возможность дополнительной установки до 3 модулей интерфейсов. Предустановленная среда исполнения MasterSCADA 4D комплектация базовая на 10000 точек, клиент визуализации | E57: по запросу
A58: ПО СТАБУР 15.М0К5 | B58: Панель оператора ПО СТАБУР 15.Процессор 4х-ядерный ARM v8.2-A Cortex-A55, 64 бит, 2 ГГц; Видеоускоритель Mali-G52; ОЗУ 1 ГБ DDR4 1600 МГц 2 канала; FLASH память 4ГБ eMMC HS200; 1x слот microSD, 1x мини-USB OTG, часы реального времени. Дисплей 15'' TFT (1024х768); корпус для крепления на щит или на кронштейн 75х75 (VESA), габаритные размеры, мм 360х318х53, интерфейсы 1х Ethernet 10/100, 1х RS-232, 3х RS-485, 1х USB 2.0 HOST, 1х аудио вход, 1х аудио выход. Без корзин для модулей расширения. Предустановленная среда исполнения MasterSCADA 4D комплектация базовая на 500 точек, клиент визуализации | C58: 91000 | D58: =C58*1.22 -> 111020
A59: ПО СТАБУР 15.М0К5 4/32 | B59: Панель оператора ПО СТАБУР 15.Процессор 4х-ядерный ARM v8.2-A Cortex-A55, 64 бит, 2 ГГц; Видеоускоритель Mali-G52; ОЗУ 4 ГБ DDR4 1600 МГц 2 канала; FLASH память 32 ГБ eMMC HS200; 1x слот microSD, 1x мини-USB OTG, часы реального времени. Дисплей 15'' TFT (1024х768); корпус для крепления на щит или на кронштейн 75х75 (VESA), габаритные размеры, мм 360х318х53, интерфейсы 1х Ethernet 10/100, 1х RS-232, 3х RS-485, 1х USB 2.0 HOST, 1х аудио вход, 1х аудио выход. Без корзин для модулей расширения. Предустановленная среда исполнения MasterSCADA 4D комплектация базовая на 500 точек, клиент визуализации | C59: 101000 | D59: =C59*1.22 -> 123220
A60: ПО СТАБУР 15.М1K0 | B60: Панель оператора ПО СТАБУР 15.Процессор 4х-ядерный ARM v8.2-A Cortex-A55, 64 бит, 2 ГГц; Видеоускоритель Mali-G52; ОЗУ 1 ГБ DDR4 1600 МГц 2 канала; FLASH память 4ГБ eMMC HS200; 1x слот microSD, 1x мини-USB OTG, часы реального времени. Дисплей 15'' TFT (1024х768); корпус для крепления на щит или на кронштейн 75х75 (VESA), габаритные размеры, мм 360х318х53, интерфейсы 1х Ethernet 10/100, 1х RS-232, 3х RS-485, 1х USB 2.0 HOST, 1х аудио вход, 1х аудио выход. Без корзин для модулей расширения. Предустановленная среда исполнения MasterSCADA 4D комплектация базовая на 1000 точек, клиент визуализации | C60: 97000 | D60: =C60*1.22 -> 118340
A61: ПО СТАБУР 15.М1K0 4/32 | B61: Панель оператора ПО СТАБУР 15.Процессор 4х-ядерный ARM v8.2-A Cortex-A55, 64 бит, 2 ГГц; Видеоускоритель Mali-G52; ОЗУ 4 ГБ DDR4 1600 МГц 2 канала; FLASH память 32 ГБ eMMC HS200; 1x слот microSD, 1x мини-USB OTG, часы реального времени. Дисплей 15'' TFT (1024х768); корпус для крепления на щит или на кронштейн 75х75 (VESA), габаритные размеры, мм 360х318х53, интерфейсы 1х Ethernet 10/100, 1х RS-232, 3х RS-485, 1х USB 2.0 HOST, 1х аудио вход, 1х аудио выход. Без корзин для модулей расширения. Предустановленная среда исполнения MasterSCADA 4D комплектация базовая на 1000 точек, клиент визуализации | C61: 107000 | D61: =C61*1.22 -> 130540
A62: ПО СТАБУР 15.М2K5 | B62: Панель оператора ПО СТАБУР 15.Процессор 4х-ядерный ARM v8.2-A Cortex-A55, 64 бит, 2 ГГц; Видеоускоритель Mali-G52; ОЗУ 1 ГБ DDR4 1600 МГц 2 канала; FLASH память 4ГБ eMMC HS200; 1x слот microSD, 1x мини-USB OTG, часы реального времени. Дисплей 15'' TFT (1024х768); корпус для крепления на щит или на кронштейн 75х75 (VESA), габаритные размеры, мм 360х318х53, интерфейсы 1х Ethernet 10/100, 1х RS-232, 3х RS-485, 1х USB 2.0 HOST, 1х аудио вход, 1х аудио выход. Без корзин для модулей расширения. Предустановленная среда исполнения MasterSCADA 4D комплектация базовая на 2500 точек, клиент визуализации | C62: 103000 | D62: =C62*1.22 -> 125660
A63: ПО СТАБУР 15.М2K5 4/32 | B63: Панель оператора ПО СТАБУР 15.Процессор 4х-ядерный ARM v8.2-A Cortex-A55, 64 бит, 2 ГГц; Видеоускоритель Mali-G52; ОЗУ 4 ГБ DDR4 1600 МГц 2 канала; FLASH память 32 ГБ eMMC HS200; 1x слот microSD, 1x мини-USB OTG, часы реального времени. Дисплей 15'' TFT (1024х768); корпус для крепления на щит или на кронштейн 75х75 (VESA), габаритные размеры, мм 360х318х53, интерфейсы 1х Ethernet 10/100, 1х RS-232, 3х RS-485, 1х USB 2.0 HOST, 1х аудио вход, 1х аудио выход. Без корзин для модулей расширения. Предустановленная среда исполнения MasterSCADA 4D комплектация базовая на 2500 точек, клиент визуализации | C63: 113000 | D63: =C63*1.22 -> 137860
A64: ПО СТАБУР 15.М5K0 | B64: Панель оператора ПО СТАБУР 15.Процессор 4х-ядерный ARM v8.2-A Cortex-A55, 64 бит, 2 ГГц; Видеоускоритель Mali-G52; ОЗУ 1 ГБ DDR4 1600 МГц 2 канала; FLASH память 4ГБ eMMC HS200; 1x слот microSD, 1x мини-USB OTG, часы реального времени. Дисплей 15'' TFT (1024х768); корпус для крепления на щит или на кронштейн 75х75 (VESA), габаритные размеры, мм 360х318х53, интерфейсы 1х Ethernet 10/100, 1х RS-232, 3х RS-485, 1х USB 2.0 HOST, 1х аудио вход, 1х аудио выход. Без корзин для модулей расширения. Предустановленная среда исполнения MasterSCADA 4D комплектация базовая на 5000 точек, клиент визуализации | C64: 109000 | D64: =C64*1.22 -> 132980
A65: ПО СТАБУР 15.М5K0 4/32 | B65: Панель оператора ПО СТАБУР 15.Процессор 4х-ядерный ARM v8.2-A Cortex-A55, 64 бит, 2 ГГц; Видеоускоритель Mali-G52; ОЗУ 4 ГБ DDR4 1600 МГц 2 канала; FLASH память 32 ГБ eMMC HS200; 1x слот microSD, 1x мини-USB OTG, часы реального времени. Дисплей 15'' TFT (1024х768); корпус для крепления на щит или на кронштейн 75х75 (VESA), габаритные размеры, мм 360х318х53, интерфейсы 1х Ethernet 10/100, 1х RS-232, 3х RS-485, 1х USB 2.0 HOST, 1х аудио вход, 1х аудио выход. Без корзин для модулей расширения. Предустановленная среда исполнения MasterSCADA 4D комплектация базовая на 5000 точек, клиент визуализации | C65: 119000 | D65: =C65*1.22 -> 145180
A66: ПО СТАБУР 15.М10К 4/32 | B66: Панель оператора ПО СТАБУР 15.Процессор 4х-ядерный ARM v8.2-A Cortex-A55, 64 бит, 2 ГГц; Видеоускоритель Mali-G52; ОЗУ 4 ГБ DDR4 1600 МГц 2 канала; FLASH память 32 ГБ eMMC HS200; 1x слот microSD, 1x мини-USB OTG, часы реального времени. Дисплей 15'' TFT (1024х768); корпус для крепления на щит или на кронштейн 75х75 (VESA), габаритные размеры, мм 360х318х53, интерфейсы 1х Ethernet 10/100, 1х RS-232, 3х RS-485, 1х USB 2.0 HOST, 1х аудио вход, 1х аудио выход. Без корзин для модулей расширения. Предустановленная среда исполнения MasterSCADA 4D комплектация базовая на 10000 точек, клиент визуализации | E66: по запросу
A67: ПО СТАБУР 15.М0К5 (Х+Х+Х+Х+Х+Х+Х+Х) | B67: Панель оператора ПО СТАБУР 15.Процессор 4х-ядерный ARM v8.2-A Cortex-A55, 64 бит, 2 ГГц; Видеоускоритель Mali-G52; ОЗУ 1 ГБ DDR4 1600 МГц 2 канала; FLASH память 4ГБ eMMC HS200; 1x слот microSD, 1x мини-USB OTG, часы реального времени. Дисплей 15'' TFT (1024х768); корпус для крепления на щит, габаритные размеры, мм 360х318х97, интерфейсы 1х Ethernet 10/100, 1х RS-232, 3х RS-485, 1х USB 2.0 HOST, 1х аудио вход, 1х аудио выход. 1 корзина на 8 модулей расширения. Возможность дополнительной установки до 3 модулей интерфейсов. Предустановленная среда исполнения MasterSCADA 4D комплектация базовая на 500 точек, клиент визуализации | C67: 91000 | D67: =C67*1.22 -> 111020
A68: ПО СТАБУР 15.М0К5 4/32 (Х+Х+Х+Х+Х+Х+Х+Х) | B68: Панель оператора ПО СТАБУР 15.Процессор 4х-ядерный ARM v8.2-A Cortex-A55, 64 бит, 2 ГГц; Видеоускоритель Mali-G52; ОЗУ 4 ГБ DDR4 1600 МГц 2 канала; FLASH память 32 ГБ eMMC HS200; 1x слот microSD, 1x мини-USB OTG, часы реального времени. Дисплей 15'' TFT (1024х768); корпус для крепления на щит, габаритные размеры, мм 360х318х97, интерфейсы 1х Ethernet 10/100, 1х RS-232, 3х RS-485, 1х USB 2.0 HOST, 1х аудио вход, 1х аудио выход. 1 корзина на 8 модулей расширения. Возможность дополнительной установки до 3 модулей интерфейсов. Предустановленная среда исполнения MasterSCADA 4D комплектация базовая на 500 точек, клиент визуализации | C68: 101000 | D68: =C68*1.22 -> 123220
A69: ПО СТАБУР 15.М1K0 (Х+Х+Х+Х+Х+Х+Х+Х) | B69: Панель оператора ПО СТАБУР 15.Процессор 4х-ядерный ARM v8.2-A Cortex-A55, 64 бит, 2 ГГц; Видеоускоритель Mali-G52; ОЗУ 1 ГБ DDR4 1600 МГц 2 канала; FLASH память 4ГБ eMMC HS200; 1x слот microSD, 1x мини-USB OTG, часы реального времени. Дисплей 15'' TFT (1024х768); корпус для крепления на щит, габаритные размеры, мм 360х318х97, интерфейсы 1х Ethernet 10/100, 1х RS-232, 3х RS-485, 1х USB 2.0 HOST, 1х аудио вход, 1х аудио выход. 1 корзина на 8 модулей расширения. Возможность дополнительной установки до 3 модулей интерфейсов. Предустановленная среда исполнения MasterSCADA 4D комплектация базовая на 1000 точек, клиент визуализации | C69: 97000 | D69: =C69*1.22 -> 118340
A70: ПО СТАБУР 15.М1K0 4/32 (Х+Х+Х+Х+Х+Х+Х+Х) | B70: Панель оператора ПО СТАБУР 15.Процессор 4х-ядерный ARM v8.2-A Cortex-A55, 64 бит, 2 ГГц; Видеоускоритель Mali-G52; ОЗУ 4 ГБ DDR4 1600 МГц 2 канала; FLASH память 32 ГБ eMMC HS200; 1x слот microSD, 1x мини-USB OTG, часы реального времени. Дисплей 15'' TFT (1024х768); корпус для крепления на щит, габаритные размеры, мм 360х318х97, интерфейсы 1х Ethernet 10/100, 1х RS-232, 3х RS-485, 1х USB 2.0 HOST, 1х аудио вход, 1х аудио выход. 1 корзина на 8 модулей расширения. Возможность дополнительной установки до 3 модулей интерфейсов. Предустановленная среда исполнения MasterSCADA 4D комплектация базовая на 1000 точек, клиент визуализации | C70: 107000 | D70: =C70*1.22 -> 130540
A71: ПО СТАБУР 15.М2K5 (Х+Х+Х+Х+Х+Х+Х+Х) | B71: Панель оператора ПО СТАБУР 15.Процессор 4х-ядерный ARM v8.2-A Cortex-A55, 64 бит, 2 ГГц; Видеоускоритель Mali-G52; ОЗУ 1 ГБ DDR4 1600 МГц 2 канала; FLASH память 4ГБ eMMC HS200; 1x слот microSD, 1x мини-USB OTG, часы реального времени. Дисплей 15'' TFT (1024х768); корпус для крепления на щит, габаритные размеры, мм 360х318х97, интерфейсы 1х Ethernet 10/100, 1х RS-232, 3х RS-485, 1х USB 2.0 HOST, 1х аудио вход, 1х аудио выход. 1 корзина на 8 модулей расширения. Возможность дополнительной установки до 3 модулей интерфейсов. Предустановленная среда исполнения MasterSCADA 4D комплектация базовая на 2500 точек, клиент визуализации | C71: 103000 | D71: =C71*1.22 -> 125660
A72: ПО СТАБУР 15.М2K5 4/32 (Х+Х+Х+Х+Х+Х+Х+Х) | B72: Панель оператора ПО СТАБУР 15.Процессор 4х-ядерный ARM v8.2-A Cortex-A55, 64 бит, 2 ГГц; Видеоускоритель Mali-G52; ОЗУ 1 ГБ DDR4 1600 МГц 2 канала; FLASH память 4ГБ eMMC HS200; 1x слот microSD, 1x мини-USB OTG, часы реального времени. Дисплей 15'' TFT (1024х768); корпус для крепления на щит, габаритные размеры, мм 360х318х97, интерфейсы 1х Ethernet 10/100, 1х RS-232, 3х RS-485, 1х USB 2.0 HOST, 1х аудио вход, 1х аудио выход. 1 корзина на 8 модулей расширения. Возможность дополнительной установки до 3 модулей интерфейсов. Предустановленная среда исполнения MasterSCADA 4D комплектация базовая на 2500 точек, клиент визуализации | C72: 113000 | D72: =C72*1.22 -> 137860
A73: ПО СТАБУР 15.М5K0 (Х+Х+Х+Х+Х+Х+Х+Х) | B73: Панель оператора ПО СТАБУР 15.Процессор 4х-ядерный ARM v8.2-A Cortex-A55, 64 бит, 2 ГГц; Видеоускоритель Mali-G52; ОЗУ 1 ГБ DDR4 1600 МГц 2 канала; FLASH память 4ГБ eMMC HS200; 1x слот microSD, 1x мини-USB OTG, часы реального времени. Дисплей 15'' TFT (1024х768); корпус для крепления на щит, габаритные размеры, мм 360х318х97, интерфейсы 1х Ethernet 10/100, 1х RS-232, 3х RS-485, 1х USB 2.0 HOST, 1х аудио вход, 1х аудио выход. 1 корзина на 8 модулей расширения. Возможность дополнительной установки до 3 модулей интерфейсов. Предустановленная среда исполнения MasterSCADA 4D комплектация базовая на 5000 точек, клиент визуализации | C73: 109000 | D73: =C73*1.22 -> 132980
A74: ПО СТАБУР 15.М5K0 4/32 (Х+Х+Х+Х+Х+Х+Х+Х) | B74: Панель оператора ПО СТАБУР 15.Процессор 4х-ядерный ARM v8.2-A Cortex-A55, 64 бит, 2 ГГц; Видеоускоритель Mali-G52; ОЗУ 4 ГБ DDR4 1600 МГц 2 канала; FLASH память 32 ГБ eMMC HS200; 1x слот microSD, 1x мини-USB OTG, часы реального времени. Дисплей 15'' TFT (1024х768); корпус для крепления на щит, габаритные размеры, мм 360х318х97, интерфейсы 1х Ethernet 10/100, 1х RS-232, 3х RS-485, 1х USB 2.0 HOST, 1х аудио вход, 1х аудио выход. 1 корзина на 8 модулей расширения. Возможность дополнительной установки до 3 модулей интерфейсов. Предустановленная среда исполнения MasterSCADA 4D комплектация базовая на 5000 точек, клиент визуализации | C74: 119000 | D74: =C74*1.22 -> 145180
A75: ПО СТАБУР 15.М10К 4/32 (Х+Х+Х+Х+Х+Х+Х+Х) | B75: Панель оператора ПО СТАБУР 15.Процессор 4х-ядерный ARM v8.2-A Cortex-A55, 64 бит, 2 ГГц; Видеоускоритель Mali-G52; ОЗУ 4 ГБ DDR4 1600 МГц 2 канала; FLASH память 32 ГБ eMMC HS200; 1x слот microSD, 1x мини-USB OTG, часы реального времени. Дисплей 15'' TFT (1024х768); корпус для крепления на щит, габаритные размеры, мм 360х318х97, интерфейсы 1х Ethernet 10/100, 1х RS-232, 3х RS-485, 1х USB 2.0 HOST, 1х аудио вход, 1х аудио выход. 1 корзина на 8 модулей расширения. Возможность дополнительной установки до 3 модулей интерфейсов. Предустановленная среда исполнения MasterSCADA 4D комплектация базовая на 10000 точек, клиент визуализации | E75: по запросу
A76: ПО СТАБУР 17.М0К5 | B76: Панель оператора ПО СТАБУР 17. Процессор 4х-ядерный ARM v8.2-A Cortex-A55, 64 бит, 2 ГГц; Видеоускоритель Mali-G52; ОЗУ 1 ГБ DDR4 1600 МГц 2 канала; FLASH память 4ГБ eMMC HS200; 1x слот microSD, 1x мини-USB OTG, часы реального времени. Дисплей 17'' TFT (1280х1024); корпус для крепления на щит или на кронштейн 75х75 (VESA), габаритные размеры, мм 391х358х55, интерфейсы 1х Ethernet 10/100, 1х RS-232, 3х RS-485, 1х USB 2.0 HOST, 1х аудио вход, 1х аудио выход. Без корзин для модулей расширения. Предустановленная среда исполнения MasterSCADA 4D комплектация базовая на 500 точек, клиент визуализации | C76: 100500 | D76: =C76*1.22 -> 122610
A77: ПО СТАБУР 17.М0К5 4/32 | B77: Панель оператора ПО СТАБУР 17. Процессор 4х-ядерный ARM v8.2-A Cortex-A55, 64 бит, 2 ГГц; Видеоускоритель Mali-G52; ОЗУ 4 ГБ DDR4 1600 МГц 2 канала; FLASH память 32 ГБ eMMC HS200; 1x слот microSD, 1x мини-USB OTG, часы реального времени. Дисплей 17'' TFT (1280х1024); корпус для крепления на щит или на кронштейн 75х75 (VESA), габаритные размеры, мм 391х358х55, интерфейсы 1х Ethernet 10/100, 1х RS-232, 3х RS-485, 1х USB 2.0 HOST, 1х аудио вход, 1х аудио выход. Без корзин для модулей расширения. Предустановленная среда исполнения MasterSCADA 4D комплектация базовая на 500 точек, клиент визуализации | C77: 110500 | D77: =C77*1.22 -> 134810
A78: ПО СТАБУР 17.М1K0 | B78: Панель оператора ПО СТАБУР 17. Процессор 4х-ядерный ARM v8.2-A Cortex-A55, 64 бит, 2 ГГц; Видеоускоритель Mali-G52; ОЗУ 1 ГБ DDR4 1600 МГц 2 канала; FLASH память 4ГБ eMMC HS200; 1x слот microSD, 1x мини-USB OTG, часы реального времени. Дисплей 17'' TFT (1280х1024); корпус для крепления на щит или на кронштейн 75х75 (VESA), габаритные размеры, мм 391х358х55, интерфейсы 1х Ethernet 10/100, 1х RS-232, 3х RS-485, 1х USB 2.0 HOST, 1х аудио вход, 1х аудио выход. Без корзин для модулей расширения. Предустановленная среда исполнения MasterSCADA 4D комплектация базовая на 1000 точек, клиент визуализации | C78: 106500 | D78: =C78*1.22 -> 129930
A79: ПО СТАБУР 17.М1K0 4/32 | B79: Панель оператора ПО СТАБУР 17. Процессор 4х-ядерный ARM v8.2-A Cortex-A55, 64 бит, 2 ГГц; Видеоускоритель Mali-G52; ОЗУ 4 ГБ DDR4 1600 МГц 2 канала; FLASH память 32ГБ eMMC HS200; 1x слот microSD, 1x мини-USB OTG, часы реального времени. Дисплей 17'' TFT (1280х1024); корпус для крепления на щит или на кронштейн 75х75 (VESA), габаритные размеры, мм 391х358х55, интерфейсы 1х Ethernet 10/100, 1х RS-232, 3х RS-485, 1х USB 2.0 HOST, 1х аудио вход, 1х аудио выход. Без корзин для модулей расширения. Предустановленная среда исполнения MasterSCADA 4D комплектация базовая на 1000 точек, клиент визуализации | C79: 116500 | D79: =C79*1.22 -> 142130
A80: ПО СТАБУР 17.М2K5 | B80: Панель оператора ПО СТАБУР 17. Процессор 4х-ядерный ARM v8.2-A Cortex-A55, 64 бит, 2 ГГц; Видеоускоритель Mali-G52; ОЗУ 1 ГБ DDR4 1600 МГц 2 канала; FLASH память 4ГБ eMMC HS200; 1x слот microSD, 1x мини-USB OTG, часы реального времени. Дисплей 17'' TFT (1280х1024); корпус для крепления на щит или на кронштейн 75х75 (VESA), габаритные размеры, мм 391х358х55, интерфейсы 1х Ethernet 10/100, 1х RS-232, 3х RS-485, 1х USB 2.0 HOST, 1х аудио вход, 1х аудио выход. Без корзин для модулей расширения. Предустановленная среда исполнения MasterSCADA 4D комплектация базовая на 2500 точек, клиент визуализации | C80: 112500 | D80: =C80*1.22 -> 137250
A81: ПО СТАБУР 17.М2K5 4/32 | B81: Панель оператора ПО СТАБУР 17. Процессор 4х-ядерный ARM v8.2-A Cortex-A55, 64 бит, 2 ГГц; Видеоускоритель Mali-G52; ОЗУ 4 ГБ DDR4 1600 МГц 2 канала; FLASH память 32 ГБ eMMC HS200; 1x слот microSD, 1x мини-USB OTG, часы реального времени. Дисплей 17'' TFT (1280х1024); корпус для крепления на щит или на кронштейн 75х75 (VESA), габаритные размеры, мм 391х358х55, интерфейсы 1х Ethernet 10/100, 1х RS-232, 3х RS-485, 1х USB 2.0 HOST, 1х аудио вход, 1х аудио выход. Без корзин для модулей расширения. Предустановленная среда исполнения MasterSCADA 4D комплектация базовая на 2500 точек, клиент визуализации | C81: 122500 | D81: =C81*1.22 -> 149450
A82: ПО СТАБУР 17.М5K0 | B82: Панель оператора ПО СТАБУР 17. Процессор 4х-ядерный ARM v8.2-A Cortex-A55, 64 бит, 2 ГГц; Видеоускоритель Mali-G52; ОЗУ 1 ГБ DDR4 1600 МГц 2 канала; FLASH память 4ГБ eMMC HS200; 1x слот microSD, 1x мини-USB OTG, часы реального времени. Дисплей 17'' TFT (1280х1024); корпус для крепления на щит или на кронштейн 75х75 (VESA), габаритные размеры, мм 391х358х55, интерфейсы 1х Ethernet 10/100, 1х RS-232, 3х RS-485, 1х USB 2.0 HOST, 1х аудио вход, 1х аудио выход. Без корзин для модулей расширения. Предустановленная среда исполнения MasterSCADA 4D комплектация базовая на 5000 точек, клиент визуализации | C82: 118500 | D82: =C82*1.22 -> 144570
A83: ПО СТАБУР 17.М5K0 4/32 | B83: Панель оператора ПО СТАБУР 17. Процессор 4х-ядерный ARM v8.2-A Cortex-A55, 64 бит, 2 ГГц; Видеоускоритель Mali-G52; ОЗУ 4 ГБ DDR4 1600 МГц 2 канала; FLASH память 32 ГБ eMMC HS200; 1x слот microSD, 1x мини-USB OTG, часы реального времени. Дисплей 17'' TFT (1280х1024); корпус для крепления на щит или на кронштейн 75х75 (VESA), габаритные размеры, мм 391х358х55, интерфейсы 1х Ethernet 10/100, 1х RS-232, 3х RS-485, 1х USB 2.0 HOST, 1х аудио вход, 1х аудио выход. Без корзин для модулей расширения. Предустановленная среда исполнения MasterSCADA 4D комплектация базовая на 5000 точек, клиент визуализации | C83: 128500 | D83: =C83*1.22 -> 156770
A84: ПО СТАБУР 17.М10К 4/32 | B84: Панель оператора ПО СТАБУР 17. Процессор 4х-ядерный ARM v8.2-A Cortex-A55, 64 бит, 2 ГГц; Видеоускоритель Mali-G52; ОЗУ 4 ГБ DDR4 1600 МГц 2 канала; FLASH память 32 ГБ eMMC HS200; 1x слот microSD, 1x мини-USB OTG, часы реального времени. Дисплей 17'' TFT (1280х1024); корпус для крепления на щит или на кронштейн 75х75 (VESA), габаритные размеры, мм 391х358х55, интерфейсы 1х Ethernet 10/100, 1х RS-232, 3х RS-485, 1х USB 2.0 HOST, 1х аудио вход, 1х аудио выход. Без корзин для модулей расширения. Предустановленная среда исполнения MasterSCADA 4D комплектация базовая на 10000 точек, клиент визуализации | E84: по запросу
A85: ПО СТАБУР 17.М0К5 (Х+Х+Х+Х+Х+Х+Х+Х) | B85: Панель оператора ПО СТАБУР 17. Процессор 4х-ядерный ARM v8.2-A Cortex-A55, 64 бит, 2 ГГц; Видеоускоритель Mali-G52; ОЗУ 1 ГБ DDR4 1600 МГц 2 канала; FLASH память 4ГБ eMMC HS200; 1x слот microSD, 1x мини-USB OTG, часы реального времени. Дисплей 17'' TFT (1280х1024); корпус для крепления на щит, габаритные размеры, мм 391х358х99, интерфейсы 1х Ethernet 10/100, 1х RS-232, 3х RS-485, 1х USB 2.0 HOST, 1х аудио вход, 1х аудио выход. 1 корзина на 8 модулей расширения. Возможность дополнительной установки до 3 модулей интерфейсов. Предустановленная среда исполнения MasterSCADA 4D комплектация базовая на 500 точек, клиент визуализации | C85: 100500 | D85: =C85*1.22 -> 122610
A86: ПО СТАБУР 17.М0К5 4/32 (Х+Х+Х+Х+Х+Х+Х+Х) | B86: Панель оператора ПО СТАБУР 17. Процессор 4х-ядерный ARM v8.2-A Cortex-A55, 64 бит, 2 ГГц; Видеоускоритель Mali-G52; ОЗУ 4 ГБ DDR4 1600 МГц 2 канала; FLASH память 32 ГБ eMMC HS200; 1x слот microSD, 1x мини-USB OTG, часы реального времени. Дисплей 17'' TFT (1280х1024); корпус для крепления на щит, габаритные размеры, мм 391х358х99, интерфейсы 1х Ethernet 10/100, 1х RS-232, 3х RS-485, 1х USB 2.0 HOST, 1х аудио вход, 1х аудио выход. 1 корзина на 8 модулей расширения. Возможность дополнительной установки до 3 модулей интерфейсов. Предустановленная среда исполнения MasterSCADA 4D комплектация базовая на 500 точек, клиент визуализации | C86: 110500 | D86: =C86*1.22 -> 134810
A87: ПО СТАБУР 17.М1K0 (Х+Х+Х+Х+Х+Х+Х+Х) | B87: Панель оператора ПО СТАБУР 17. Процессор 4х-ядерный ARM v8.2-A Cortex-A55, 64 бит, 2 ГГц; Видеоускоритель Mali-G52; ОЗУ 1 ГБ DDR4 1600 МГц 2 канала; FLASH память 4ГБ eMMC HS200; 1x слот microSD, 1x мини-USB OTG, часы реального времени. Дисплей 17'' TFT (1280х1024); корпус для крепления на щит, габаритные размеры, мм 391х358х99, интерфейсы 1х Ethernet 10/100, 1х RS-232, 3х RS-485, 1х USB 2.0 HOST, 1х аудио вход, 1х аудио выход. 1 корзина на 8 модулей расширения. Возможность дополнительной установки до 3 модулей интерфейсов. Предустановленная среда исполнения MasterSCADA 4D комплектация базовая на 1000 точек, клиент визуализации | C87: 106500 | D87: =C87*1.22 -> 129930
A88: ПО СТАБУР 17.М1K0 4/32 (Х+Х+Х+Х+Х+Х+Х+Х) | B88: Панель оператора ПО СТАБУР 17. Процессор 4х-ядерный ARM v8.2-A Cortex-A55, 64 бит, 2 ГГц; Видеоускоритель Mali-G52; ОЗУ 4 ГБ DDR4 1600 МГц 2 канала; FLASH память 32 ГБ eMMC HS200; 1x слот microSD, 1x мини-USB OTG, часы реального времени. Дисплей 17'' TFT (1280х1024); корпус для крепления на щит, габаритные размеры, мм 391х358х99, интерфейсы 1х Ethernet 10/100, 1х RS-232, 3х RS-485, 1х USB 2.0 HOST, 1х аудио вход, 1х аудио выход. 1 корзина на 8 модулей расширения. Возможность дополнительной установки до 3 модулей интерфейсов. Предустановленная среда исполнения MasterSCADA 4D комплектация базовая на 1000 точек, клиент визуализации | C88: 116500 | D88: =C88*1.22 -> 142130
A89: ПО СТАБУР 17.М2K5 (Х+Х+Х+Х+Х+Х+Х+Х) | B89: Панель оператора ПО СТАБУР 17. Процессор 4х-ядерный ARM v8.2-A Cortex-A55, 64 бит, 2 ГГц; Видеоускоритель Mali-G52; ОЗУ 1 ГБ DDR4 1600 МГц 2 канала; FLASH память 4ГБ eMMC HS200; 1x слот microSD, 1x мини-USB OTG, часы реального времени. Дисплей 17'' TFT (1280х1024); корпус для крепления на щит, габаритные размеры, мм 391х358х99, интерфейсы 1х Ethernet 10/100, 1х RS-232, 3х RS-485, 1х USB 2.0 HOST, 1х аудио вход, 1х аудио выход. 1 корзина на 8 модулей расширения. Возможность дополнительной установки до 3 модулей интерфейсов. Предустановленная среда исполнения MasterSCADA 4D комплектация базовая на 2500 точек, клиент визуализации | C89: 112500 | D89: =C89*1.22 -> 137250
A90: ПО СТАБУР 17.М2K5 4/32 (Х+Х+Х+Х+Х+Х+Х+Х) | B90: Панель оператора ПО СТАБУР 17. Процессор 4х-ядерный ARM v8.2-A Cortex-A55, 64 бит, 2 ГГц; Видеоускоритель Mali-G52; ОЗУ 4 ГБ DDR4 1600 МГц 2 канала; FLASH память 32 ГБ eMMC HS200; 1x слот microSD, 1x мини-USB OTG, часы реального времени. Дисплей 17'' TFT (1280х1024); корпус для крепления на щит, габаритные размеры, мм 391х358х99, интерфейсы 1х Ethernet 10/100, 1х RS-232, 3х RS-485, 1х USB 2.0 HOST, 1х аудио вход, 1х аудио выход. 1 корзина на 8 модулей расширения. Возможность дополнительной установки до 3 модулей интерфейсов. Предустановленная среда исполнения MasterSCADA 4D комплектация базовая на 2500 точек, клиент визуализации | C90: 122500 | D90: =C90*1.22 -> 149450
A91: ПО СТАБУР 17.М5K0 (Х+Х+Х+Х+Х+Х+Х+Х) | B91: Панель оператора ПО СТАБУР 17. Процессор 4х-ядерный ARM v8.2-A Cortex-A55, 64 бит, 2 ГГц; Видеоускоритель Mali-G52; ОЗУ 1 ГБ DDR4 1600 МГц 2 канала; FLASH память 4ГБ eMMC HS200; 1x слот microSD, 1x мини-USB OTG, часы реального времени. Дисплей 17'' TFT (1280х1024); корпус для крепления на щит, габаритные размеры, мм 391х358х99, интерфейсы 1х Ethernet 10/100, 1х RS-232, 3х RS-485, 1х USB 2.0 HOST, 1х аудио вход, 1х аудио выход. 1 корзина на 8 модулей расширения. Возможность дополнительной установки до 3 модулей интерфейсов. Предустановленная среда исполнения MasterSCADA 4D комплектация базовая на 5000 точек, клиент визуализации | C91: 118500 | D91: =C91*1.22 -> 144570
A92: ПО СТАБУР 17.М5K0 4/32 (Х+Х+Х+Х+Х+Х+Х+Х) | B92: Панель оператора ПО СТАБУР 17. Процессор 4х-ядерный ARM v8.2-A Cortex-A55, 64 бит, 2 ГГц; Видеоускоритель Mali-G52; ОЗУ 4 ГБ DDR4 1600 МГц 2 канала; FLASH память 32 ГБ eMMC HS200; 1x слот microSD, 1x мини-USB OTG, часы реального времени. Дисплей 17'' TFT (1280х1024); корпус для крепления на щит, габаритные размеры, мм 391х358х99, интерфейсы 1х Ethernet 10/100, 1х RS-232, 3х RS-485, 1х USB 2.0 HOST, 1х аудио вход, 1х аудио выход. 1 корзина на 8 модулей расширения. Возможность дополнительной установки до 3 модулей интерфейсов. Предустановленная среда исполнения MasterSCADA 4D комплектация базовая на 5000 точек, клиент визуализации | C92: 128500 | D92: =C92*1.22 -> 156770
A93: ПО СТАБУР 17.М10К 4/32 (Х+Х+Х+Х+Х+Х+Х+Х) | B93: Панель оператора ПО СТАБУР 17. Процессор 4х-ядерный ARM v8.2-A Cortex-A55, 64 бит, 2 ГГц; Видеоускоритель Mali-G52; ОЗУ 4 ГБ DDR4 1600 МГц 2 канала; FLASH память 32 ГБ eMMC HS200; 1x слот microSD, 1x мини-USB OTG, часы реального времени. Дисплей 17'' TFT (1280х1024); корпус для крепления на щит, габаритные размеры, мм 391х358х99, интерфейсы 1х Ethernet 10/100, 1х RS-232, 3х RS-485, 1х USB 2.0 HOST, 1х аудио вход, 1х аудио выход. 1 корзина на 8 модулей расширения. Возможность дополнительной установки до 3 модулей интерфейсов. Предустановленная среда исполнения MasterSCADA 4D комплектация базовая на 10000 точек, клиент визуализации | E93: по запросу
A94: ПО СТАБУР 19.М0К5 | B94: Панель оператора ПО СТАБУР 19. Процессор 4х-ядерный ARM v8.2-A Cortex-A55, 64 бит, 2 ГГц; Видеоускоритель Mali-G52; ОЗУ 1 ГБ DDR4 1600 МГц 2 канала; FLASH память 4ГБ eMMC HS200; 1x слот microSD, 1x мини-USB OTG, часы реального времени. Дисплей 19'' TFT (1280х1024); корпус для крепления на щит или на кронштейн 75х75 (VESA), габаритные размеры, мм 428х387х55, интерфейсы 1х Ethernet 10/100, 1х RS-232, 3х RS-485, 1х USB 2.0 HOST, 1х аудио вход, 1х аудио выход. Без корзин для модулей расширения. Предустановленная среда исполнения MasterSCADA 4D комплектация базовая на 500 точек, клиент визуализации | C94: 112500 | D94: =C94*1.22 -> 137250
A95: ПО СТАБУР 19.М0К5 4/32 | B95: Панель оператора ПО СТАБУР 19. Процессор 4х-ядерный ARM v8.2-A Cortex-A55, 64 бит, 2 ГГц; Видеоускоритель Mali-G52; ОЗУ 4 ГБ DDR4 1600 МГц 2 канала; FLASH память 32 ГБ eMMC HS200; 1x слот microSD, 1x мини-USB OTG, часы реального времени. Дисплей 19'' TFT (1280х1024); корпус для крепления на щит или на кронштейн 75х75 (VESA), габаритные размеры, мм 428х387х55, интерфейсы 1х Ethernet 10/100, 1х RS-232, 3х RS-485, 1х USB 2.0 HOST, 1х аудио вход, 1х аудио выход. Без корзин для модулей расширения. Предустановленная среда исполнения MasterSCADA 4D комплектация базовая на 500 точек, клиент визуализации | C95: 122500 | D95: =C95*1.22 -> 149450
A96: ПО СТАБУР 19.М1K0 | B96: Панель оператора ПО СТАБУР 19. Процессор 4х-ядерный ARM v8.2-A Cortex-A55, 64 бит, 2 ГГц; Видеоускоритель Mali-G52; ОЗУ 1 ГБ DDR4 1600 МГц 2 канала; FLASH память 4ГБ eMMC HS200; 1x слот microSD, 1x мини-USB OTG, часы реального времени. Дисплей 19'' TFT (1280х1024); корпус для крепления на щит или на кронштейн 75х75 (VESA), габаритные размеры, мм 428х387х55, интерфейсы 1х Ethernet 10/100, 1х RS-232, 3х RS-485, 1х USB 2.0 HOST, 1х аудио вход, 1х аудио выход. Без корзин для модулей расширения. Предустановленная среда исполнения MasterSCADA 4D комплектация базовая на 1000 точек, клиент визуализации | C96: 118500 | D96: =C96*1.22 -> 144570
A97: ПО СТАБУР 19.М1K0 4/32 | B97: Панель оператора ПО СТАБУР 19. Процессор 4х-ядерный ARM v8.2-A Cortex-A55, 64 бит, 2 ГГц; Видеоускоритель Mali-G52; ОЗУ 4 ГБ DDR4 1600 МГц 2 канала; FLASH память 32 ГБ eMMC HS200; 1x слот microSD, 1x мини-USB OTG, часы реального времени. Дисплей 19'' TFT (1280х1024); корпус для крепления на щит или на кронштейн 75х75 (VESA), габаритные размеры, мм 428х387х55, интерфейсы 1х Ethernet 10/100, 1х RS-232, 3х RS-485, 1х USB 2.0 HOST, 1х аудио вход, 1х аудио выход. Без корзин для модулей расширения. Предустановленная среда исполнения MasterSCADA 4D комплектация базовая на 1000 точек, клиент визуализации | C97: 128500 | D97: =C97*1.22 -> 156770
A98: ПО СТАБУР 19.М2K5 | B98: Панель оператора ПО СТАБУР 19. Процессор 4х-ядерный ARM v8.2-A Cortex-A55, 64 бит, 2 ГГц; Видеоускоритель Mali-G52; ОЗУ 1 ГБ DDR4 1600 МГц 2 канала; FLASH память 4ГБ eMMC HS200; 1x слот microSD, 1x мини-USB OTG, часы реального времени. Дисплей 19'' TFT (1280х1024); корпус для крепления на щит или на кронштейн 75х75 (VESA), габаритные размеры, мм 428х387х55, интерфейсы 1х Ethernet 10/100, 1х RS-232, 3х RS-485, 1х USB 2.0 HOST, 1х аудио вход, 1х аудио выход. Без корзин для модулей расширения. Предустановленная среда исполнения MasterSCADA 4D комплектация базовая на 2500 точек, клиент визуализации | C98: 124500 | D98: =C98*1.22 -> 151890
A99: ПО СТАБУР 19.М2K5 4/32 | B99: Панель оператора ПО СТАБУР 19. Процессор 4х-ядерный ARM v8.2-A Cortex-A55, 64 бит, 2 ГГц; Видеоускоритель Mali-G52; ОЗУ 4 ГБ DDR4 1600 МГц 2 канала; FLASH память 32 ГБ eMMC HS200; 1x слот microSD, 1x мини-USB OTG, часы реального времени. Дисплей 19'' TFT (1280х1024); корпус для крепления на щит или на кронштейн 75х75 (VESA), габаритные размеры, мм 428х387х55, интерфейсы 1х Ethernet 10/100, 1х RS-232, 3х RS-485, 1х USB 2.0 HOST, 1х аудио вход, 1х аудио выход. Без корзин для модулей расширения. Предустановленная среда исполнения MasterSCADA 4D комплектация базовая на 2500 точек, клиент визуализации | C99: 134500 | D99: =C99*1.22 -> 164090
A100: ПО СТАБУР 19.М5K0 | B100: Панель оператора ПО СТАБУР 19. Процессор 4х-ядерный ARM v8.2-A Cortex-A55, 64 бит, 2 ГГц; Видеоускоритель Mali-G52; ОЗУ 1 ГБ DDR4 1600 МГц 2 канала; FLASH память 4ГБ eMMC HS200; 1x слот microSD, 1x мини-USB OTG, часы реального времени. Дисплей 19'' TFT (1280х1024); корпус для крепления на щит или на кронштейн 75х75 (VESA), габаритные размеры, мм 428х387х55, интерфейсы 1х Ethernet 10/100, 1х RS-232, 3х RS-485, 1х USB 2.0 HOST, 1х аудио вход, 1х аудио выход. Без корзин для модулей расширения. Предустановленная среда исполнения MasterSCADA 4D комплектация базовая на 5000 точек, клиент визуализации | C100: 130500 | D100: =C100*1.22 -> 159210
...

Sheet Web-ПО СТАБУР 05-24
A1: ='ПЛК СТАБУР 05-24 CODESYS'!A1 -> 12.03.2026 Прайс лист на продукцию ПЛК/ПО/ПК СТАБУР ООО ПО «Промсвязь»
A2: Примеры полного условного обозначения прибора: ПО СТАБУР 21.W – Web-панель оператора СТАБУР с экраном размером 21,5'', без модулей ввода-вывода и без корзины для их установки. Клиент визуализации СТАБУР. ПО СТАБУР 05.W (ETH232+AUSBH+RS485+PS24+WIFIBT+GSM+CAN+X) – Web-панель панель оператора СТАБУР с экраном размером 5'', с одной корзиной для модулей с установленными модулями: в слоте №1 – ETH232, №2 – AUSBH №3 – RS485, №4 – PS24, №5 – WIFIBT, №6 – GSM, №7 – CAN. В слоте №8 модули отсутствуют. Клиент визуализации СТАБУР. ПО СТАБУР 17.W (GSM+CAN+Х+Х+WIFIBT+X+Х+Х) – Web-панель оператора СТАБУР с экраном размером 17'', с одной корзиной для модулей, с установленными модулями: в слоте №1 – GSM, №2 – CAN, №5 – WIFIBT. В слотах №3, №4 и №6, №7,№8 модули отсутствуют. Клиент визуализации СТАБУР.
A3: Модель | B3: Описание | C3: Цена без НДС | D3: Цена С НДС 22%
A4: Категория «Продукция». ПО СТАБУР 5ʺ — 24ʺ. *.W Среда визуализации — Web-браузер для Web-панели.
A5: ПО СТАБУР 05.W (ETH232+Х+Х+PS24+Х+Х+Х+Х) | B5: Web-панель оператора ПО СТАБУР 05 (ETH232+Х+Х+PS24+Х+Х+Х+Х), Пластиковый корпус. Процессор 4х-ядерный ARM v8.2-A Cortex-A55, 64 бит, 2 ГГц; Видеоускоритель Mali-G52; ОЗУ 1 ГБ DDR4 1600 МГц 2 канала; FLASH память 4ГБ eMMC HS200; 1x слот microSD, 1x мини-USB OTG, часы реального времени. Дисплей 5.0'' TFT (800х480). Модуль расширения ETH232 - модуль интерфейсов 1х Ethernet 10/100 Мбит и 1х RS-232 установлен в слот №1, PS24 — модуль питания 24В установлен в слот №4.Корпус для крепления на щит, габаритные размеры, мм 140x140x88. Возможность дополнительной установки до 5 модулей интерфейсов. Компоненты среды визуализации web-панели. | C5: 29650 | D5: =C5*1.22 -> 36173
A6: ПО СТАБУР 05.W 4/32 (ETH232+Х+Х+PS24+Х+Х+Х+Х) | B6: Web-панель оператора ПО СТАБУР 05 (ETH232+Х+Х+PS24+Х+Х+Х+Х), Пластиковый корпус. Процессор 4х-ядерный ARM v8.2-A Cortex-A55, 64 бит, 2 ГГц; Видеоускоритель Mali-G52; ОЗУ 4 ГБ DDR4 1600 МГц 2 канала; FLASH память 32 ГБ eMMC HS200; 1x слот microSD, 1x мини-USB OTG, часы реального времени. Дисплей 5.0'' TFT (800х480). Модуль расширения ETH232 - модуль интерфейсов 1х Ethernet 10/100 Мбит и 1х RS-232 установлен в слот №1, PS24 — модуль питания 24В установлен в слот №4.Корпус для крепления на щит, габаритные размеры, мм 140x140x88. Возможность дополнительной установки до 5 модулей интерфейсов. Компоненты среды визуализации web-панели. | C6: 39650 | D6: =C6*1.22 -> 48373
A7: ПО СТАБУР 07.W (ETH232+Х+Х+PS24+Х+Х+Х+Х) | B7: Web-панель оператора ПО СТАБУР 07 (ETH232+Х+Х+PS24+Х+Х+Х+Х), Пластиковый корпус. Процессор 4х-ядерный ARM v8.2-A Cortex-A55, 64 бит, 2 ГГц; Видеоускоритель Mali-G52; ОЗУ 1 ГБ DDR4 1600 МГц 2 канала; FLASH память 4ГБ eMMC HS200; 1x слот microSD, 1x мини-USB OTG, часы реального времени. Дисплей 7.0'' TFT (800х480). Модуль расширения ETH232 - модуль интерфейсов 1х Ethernet 10/100 Мбит и 1х RS-232 установлен в слот №1, модуль расширения PS24 — модуль питания 24В установлен в слот №4.Корпус для крепления на щит, габаритные размеры, мм 185х160х91. Возможность дополнительной установки до 5 модулей интерфейсов. Компоненты среды визуализации web-панели. | C7: 37450 | D7: =C7*1.22 -> 45689
A8: ПО СТАБУР 07.W 4/32 (ETH232+Х+Х+PS24+Х+Х+Х+Х) | B8: Web-панель оператора ПО СТАБУР 07 (ETH232+Х+Х+PS24+Х+Х+Х+Х), Пластиковый корпус. Процессор 4х-ядерный ARM v8.2-A Cortex-A55, 64 бит, 2 ГГц; Видеоускоритель Mali-G52; ОЗУ 4 ГБ DDR4 1600 МГц 2 канала; FLASH память 32 ГБ eMMC HS200; 1x слот microSD, 1x мини-USB OTG, часы реального времени. Дисплей 7.0'' TFT (800х480). Модуль расширения ETH232 - модуль интерфейсов 1х Ethernet 10/100 Мбит и 1х RS-232 установлен в слот №1, модуль расширения PS24 — модуль питания 24В установлен в слот №4.Корпус для крепления на щит, габаритные размеры, мм 185х160х91. Возможность дополнительной установки до 5 модулей интерфейсов. Компоненты среды визуализации web-панели. | C8: 47450 | D8: =C8*1.22 -> 57889
A9: ПО СТАБУР 10.W | B9: Web-панель оператора ПО СТАБУР 10. Металлический корпус. Процессор 4х-ядерный ARM v8.2-A Cortex-A55, 64 бит, 2 ГГц; Видеоускоритель Mali-G52; ОЗУ 1 ГБ DDR4 1600 МГц 2 канала; FLASH память 4ГБ eMMC HS200; 1x слот microSD, 1x мини-USB OTG, часы реального времени. Дисплей 10.4'' TFT (1024х768); корпус для крепления на щит или на кронштейн 75х75 (VESA), габаритные размеры, мм 289х210х58, интерфейсы 1х Ethernet 10/100, 1х RS-232, 3х RS-485, 1х USB 2.0 HOST, 1х аудио вход, 1х аудио выход. Без корзин для модулей расширения. Компоненты среды визуализации web-панели. | C9: 51450 | D9: =C9*1.22 -> 62769
A10: ПО СТАБУР 10.W 4/32 | B10: Web-панель оператора ПО СТАБУР 10. Металлический корпус. Процессор 4х-ядерный ARM v8.2-A Cortex-A55, 64 бит, 2 ГГц; Видеоускоритель Mali-G52; ОЗУ 4 ГБ DDR4 1600 МГц 2 канала; FLASH память 32 ГБ eMMC HS200; 1x слот microSD, 1x мини-USB OTG, часы реального времени. Дисплей 10.4'' TFT (1024х768); корпус для крепления на щит или на кронштейн 75х75 (VESA), габаритные размеры, мм 289х210х58, интерфейсы 1х Ethernet 10/100, 1х RS-232, 3х RS-485, 1х USB 2.0 HOST, 1х аудио вход, 1х аудио выход. Без корзин для модулей расширения. Компоненты среды визуализации web-панели. | C10: 61450 | D10: =C10*1.22 -> 74969
A11: ПО СТАБУР 10.W (ETH232+Х+Х+PS24+Х+Х+Х+Х) | B11: Web-панель оператора ПО СТАБУР 10 (ETH232+Х+Х+PS24+Х+Х+Х+Х), Пластиковый корпус. Процессор 4х-ядерный ARM v8.2-A Cortex-A55, 64 бит, 2 ГГц; Видеоускоритель Mali-G52; ОЗУ 1 ГБ DDR4 1600 МГц 2 канала; FLASH память 4ГБ eMMC HS200; 1x слот microSD, 1x мини-USB OTG, часы реального времени. Дисплей 10.1'' TFT (1024х600). Модуль расширения ETH232 - модуль интерфейсов 1х Ethernet 10/100 Мбит и 1х RS-232 установлен в слот №1, модуль расширения PS24 — модуль питания 24В установлен в слот №4.Корпус для крепления на щит, габаритные размеры, мм 260х210х93. Возможность дополнительной установки до 5 модулей интерфейсов. Компоненты среды визуализации web-панели. | C11: 44450 | D11: =C11*1.22 -> 54229
A12: ПО СТАБУР 10.W 4/32 (ETH232+Х+Х+PS24+Х+Х+Х+Х) | B12: Web-панель оператора ПО СТАБУР 10 (ETH232+Х+Х+PS24+Х+Х+Х+Х), Пластиковый корпус. Процессор 4х-ядерный ARM v8.2-A Cortex-A55, 64 бит, 2 ГГц; Видеоускоритель Mali-G52; ОЗУ 4 ГБ DDR4 1600 МГц 2 канала; FLASH память 32 ГБ eMMC HS200; 1x слот microSD, 1x мини-USB OTG, часы реального времени. Дисплей 10.1'' TFT (1024х600). Модуль расширения ETH232 - модуль интерфейсов 1х Ethernet 10/100 Мбит и 1х RS-232 установлен в слот №1, модуль расширения PS24 — модуль питания 24В установлен в слот №4.Корпус для крепления на щит, габаритные размеры, мм 260х210х93. Возможность дополнительной установки до 5 модулей интерфейсов. Компоненты среды визуализации web-панели. | C12: 54450 | D12: =C12*1.22 -> 66429
A13: ПО СТАБУР 12.W | B13: Web-панель оператора ПО СТАБУР 12. Металлический корпус. Процессор 4х-ядерный ARM v8.2-A Cortex-A55, 64 бит, 2 ГГц; Видеоускоритель Mali-G52; ОЗУ 1 ГБ DDR4 1600 МГц 2 канала; FLASH память 4ГБ eMMC HS200; 1x слот microSD, 1x мини-USB OTG, часы реального времени. Дисплей 12.1'' TFT (1024х768); корпус для крепления на щит или на кронштейн 75х75 (VESA), габаритные размеры, мм 293х267х45, интерфейсы 1х Ethernet 10/100, 1х RS-232, 3х RS-485, 1х USB 2.0 HOST, 1х аудио вход, 1х аудио выход. Без корзин для модулей расширения. Компоненты среды визуализации web-панели. | C13: 53750 | D13: =C13*1.22 -> 65575
A14: ПО СТАБУР 12.W 4/32 | B14: Web-панель оператора ПО СТАБУР 12. Металлический корпус. Процессор 4х-ядерный ARM v8.2-A Cortex-A55, 64 бит, 2 ГГц; Видеоускоритель Mali-G52; ОЗУ 4 ГБ DDR4 1600 МГц 2 канала; FLASH память 32 ГБ eMMC HS200; 1x слот microSD, 1x мини-USB OTG, часы реального времени. Дисплей 12.1'' TFT (1024х768); корпус для крепления на щит или на кронштейн 75х75 (VESA), габаритные размеры, мм 293х267х45, интерфейсы 1х Ethernet 10/100, 1х RS-232, 3х RS-485, 1х USB 2.0 HOST, 1х аудио вход, 1х аудио выход. Без корзин для модулей расширения. Компоненты среды визуализации web-панели. | C14: 63750 | D14: =C14*1.22 -> 77775
A15: ПО СТАБУР 12.W (Х+Х+Х+Х+Х+Х+Х+Х) | B15: Web-панель оператора ПО СТАБУР 12. Процессор 4х-ядерный ARM v8.2-A Cortex-A55, 64 бит, 2 ГГц; Видеоускоритель Mali-G52; ОЗУ 1 ГБ DDR4 1600 МГц 2 канала; FLASH память 4ГБ eMMC HS200; 1x слот microSD, 1x мини-USB OTG, часы реального времени. Дисплей 12.1'' TFT (1024х768); корпус для крепления на щит, габаритные размеры, мм 293х267х94, интерфейсы 1х Ethernet 10/100, 1х RS-232, 3х RS-485, 1х USB 2.0 HOST, 1х аудио вход, 1х аудио выход. 1 корзина на 8 модулей расширения. Возможность дополнительной установки до 3 модулей интерфейсов. Компоненты среды визуализации web-панели. | C15: 53750 | D15: =C15*1.22 -> 65575
A16: ПО СТАБУР 12.W 4/32 (Х+Х+Х+Х+Х+Х+Х+Х) | B16: Web-панель оператора ПО СТАБУР 12. Процессор 4х-ядерный ARM v8.2-A Cortex-A55, 64 бит, 2 ГГц; Видеоускоритель Mali-G52; ОЗУ 1 ГБ DDR4 1600 МГц 2 канала; FLASH память 4ГБ eMMC HS200; 1x слот microSD, 1x мини-USB OTG, часы реального времени. Дисплей 12.1'' TFT (1024х768); корпус для крепления на щит, габаритные размеры, мм 293х267х94, интерфейсы 1х Ethernet 10/100, 1х RS-232, 3х RS-485, 1х USB 2.0 HOST, 1х аудио вход, 1х аудио выход. 1 корзина на 8 модулей расширения. Возможность дополнительной установки до 3 модулей интерфейсов. Компоненты среды визуализации web-панели. | C16: 63750 | D16: =C16*1.22 -> 77775
... A36: ПО СТАБУР 24.W 4/32 (Х+Х+Х+Х+Х+Х+Х+Х) | B36: Web-панель оператора ПО СТАБУР 24. Процессор 4х-ядерный ARM v8.2-A Cortex-A55, 64 бит, 2 ГГц; Видеоускоритель Mali-G52; ОЗУ 4 ГБ DDR4 1600 МГц 2 канала; FLASH память 32 ГБ eMMC HS200; 1x слот microSD, 1x мини-USB OTG, часы реального времени. Дисплей 24'' TFT (1920х1080); корпус для крепления на щит, интерфейсы 1х Ethernet 10/100, 1х RS-232, 3х RS-485, 1х USB 2.0 HOST, 1х аудио вход, 1х аудио выход. 1 корзина на 8 модулей расширения. Возможность дополнительной установки до 3 модулей интерфейсов. Компоненты среды визуализации web-панели. | C36: 134500 | D36: =C36*1.22 -> 164090

Sheet ПК СТАБУР 05-24
A1: ='ПЛК СТАБУР 05-24 CODESYS'!A1 -> 12.03.2026 Прайс лист на продукцию ПЛК/ПО/ПК СТАБУР ООО ПО «Промсвязь»
A2: Примеры полного условного обозначения прибора: ПК СТАБУР 21 – промышленный контроллер СТАБУР с экраном размером 21,5'', без модулей ввода-вывода и без корзины для их установки. ПК СТАБУР 05 (ETH232+AI+AO+PS24+WIFIBT+DI+DOOC+X) – промышленный контроллер СТАБУР с экраном размером 5'', с одной корзиной для модулей с установленными модулями: в слоте №1 – ETH232, №2 – AI №3 – AO, №4 – PS24, №5 – WIFIBT, №6 – DI, №7 – DOOC. В слоте №8 модули отсутствуют. ПК СТАБУР 17 (GSM+X+AI+AO+WIFIBT+X+DI+DOOC+DOS+DOS+DOR+DOR+CAN+TERM+TERM+X) – промышленный контроллер СТАБУР с экраном размером 17'', с двумя корзинами для модулей, с установленными модулями: в слоте №1 – GSM, №3 – AI, №4 – AO, №5 – WIFIBT, №7 – DI, №8 – DOOC, №9 и №10 – DOS, №11 и №12 – DOR, №13 – CAN, №14 и №15 – TERM. В слотах №2, №6 и №16 модули отсутствуют.
A3: Модель | B3: Описание | C3: Цена без НДС | D3: Цена С НДС 22%
A4: Категория «Продукция». ПЛК СТАБУР 5ʺ — 24ʺ. Языки C/C++, Среда GNU. Операционная система Linux Ubuntu 24.04.2 LTS ядро 5.10 RT (реального времени)
A5: ПК СТАБУР 05 (Х+Х+Х+PS24+Х+Х+Х+Х) | B5: Промышленный контроллер (Промышленный компьютер) ПК СТАБУР 05 (Х+Х+Х+PS24+Х+Х+Х+Х), Пластиковый корпус. Процессор 4х-ядерный ARM v8.2-A Cortex-A55, 64 бит, 2 ГГц; Видеоускоритель Mali-G52; ОЗУ 1 ГБ DDR4 1600 МГц 2 канала; FLASH память 4ГБ eMMC HS200; 1x слот microSD, 1x мини-USB OTG, часы реального времени. Дисплей 5.0'' TFT (800х480). Модуль расширения PS24 — модуль питания 24В установлен в слот №4. Корпус для крепления на щит, габаритные размеры, мм 140x140x88. Возможность установки до 7 модулей расширения. Языки C/C++, Среда GNU, Операционная система Linux Ubuntu 24.04.2 LTS ядро 5.10 RT (реального времени) | C5: 27200 | D5: =C5*1.22 -> 33184
A6: ПК СТАБУР 05 4/32 (Х+Х+Х+PS24+Х+Х+Х+Х) | B6: Промышленный контроллер (Промышленный компьютер) ПК СТАБУР 05 (Х+Х+Х+PS24+Х+Х+Х+Х), Пластиковый корпус. Процессор 4х-ядерный ARM v8.2-A Cortex-A55, 64 бит, 2 ГГц; Видеоускоритель Mali-G52; ОЗУ 4 ГБ DDR4 1600 МГц 2 канала; FLASH память 32 ГБ eMMC HS200; 1x слот microSD, 1x мини-USB OTG, часы реального времени. Дисплей 5.0'' TFT (800х480). Модуль расширения PS24 — модуль питания 24В установлен в слот №4. Корпус для крепления на щит, габаритные размеры, мм 140x140x88. Возможность установки до 7 модулей расширения. Языки C/C++, Среда GNU, Операционная система Linux Ubuntu 24.04.2 LTS ядро 5.10 RT (реального времени) | C6: 37200 | D6: =C6*1.22 -> 45384
A7: ПК СТАБУР 07 (Х+Х+Х+PS24+Х+Х+Х+Х) | B7: Промышленный контроллер (Промышленный компьютер) ПК СТАБУР 07 (Х+Х+Х+PS24+Х+Х+Х+Х), Пластиковый корпус. Процессор 4х-ядерный ARM v8.2-A Cortex-A55, 64 бит, 2 ГГц; Видеоускоритель Mali-G52; ОЗУ 1 ГБ DDR4 1600 МГц 2 канала; FLASH память 4ГБ eMMC HS200; 1x слот microSD, 1x мини-USB OTG, часы реального времени. Дисплей 7.0'' TFT (800х480). Модуль расширения PS24 — модуль питания 24В установлен в слот №4.Корпус для крепления на щит, габаритные размеры, мм 185х160х91. Возможность установки до 7 модулей расширения. Языки C/C++, Среда GNU, Операционная система Linux Ubuntu 24.04.2 LTS ядро 5.10 RT (реального времени) | C7: 35000 | D7: =C7*1.22 -> 42700
A8: ПК СТАБУР 07 4/32 (Х+Х+Х+PS24+Х+Х+Х+Х) | B8: Промышленный контроллер (Промышленный компьютер) ПК СТАБУР 07 (Х+Х+Х+PS24+Х+Х+Х+Х), Пластиковый корпус. Процессор 4х-ядерный ARM v8.2-A Cortex-A55, 64 бит, 2 ГГц; Видеоускоритель Mali-G52; ОЗУ 4 ГБ DDR4 1600 МГц 2 канала; FLASH память 32 ГБ eMMC HS200; 1x слот microSD, 1x мини-USB OTG, часы реального времени. Дисплей 7.0'' TFT (800х480). Модуль расширения PS24 — модуль питания 24В установлен в слот №4.Корпус для крепления на щит, габаритные размеры, мм 185х160х91. Возможность установки до 7 модулей расширения. Языки C/C++, Среда GNU, Операционная система Linux Ubuntu 24.04.2 LTS ядро 5.10 RT (реального времени) | C8: 45000 | D8: =C8*1.22 -> 54900
A9: ПК СТАБУР 10 | B9: Промышленный контроллер (Промышленный компьютер) ПК СТАБУР 10. Металлический корпус. Процессор 4х-ядерный ARM v8.2-A Cortex-A55, 64 бит, 2 ГГц; Видеоускоритель Mali-G52; ОЗУ 1 ГБ DDR4 1600 МГц 2 канала; FLASH память 4ГБ eMMC HS200; 1x слот microSD, 1x мини-USB OTG, часы реального времени. Дисплей 10.4'' TFT (1024х768); корпус для крепления на щит или на кронштейн 75х75 (VESA), габаритные размеры, мм 289х210х58, интерфейсы 1х Ethernet 10/100, 1х RS-232, 3х RS-485, 1х USB 2.0 HOST, 1х аудио вход, 1х аудио выход. Без корзин для модулей расширения. Языки C/C++, Среда GNU, Операционная система Linux Ubuntu 24.04.2 LTS ядро 5.10 RT (реального времени) | C9: 49000 | D9: =C9*1.22 -> 59780
A10: ПК СТАБУР 10 4/32 | B10: Промышленный контроллер (Промышленный компьютер) ПК СТАБУР 10. Металлический корпус. Процессор 4х-ядерный ARM v8.2-A Cortex-A55, 64 бит, 2 ГГц; Видеоускоритель Mali-G52; ОЗУ 4 ГБ DDR4 1600 МГц 2 канала; FLASH память 32 ГБ eMMC HS200; 1x слот microSD, 1x мини-USB OTG, часы реального времени. Дисплей 10.4'' TFT (1024х768); корпус для крепления на щит или на кронштейн 75х75 (VESA), габаритные размеры, мм 289х210х58, интерфейсы 1х Ethernet 10/100, 1х RS-232, 3х RS-485, 1х USB 2.0 HOST, 1х аудио вход, 1х аудио выход. Без корзин для модулей расширения. Языки C/C++, Среда GNU, Операционная система Linux Ubuntu 24.04.2 LTS ядро 5.10 RT (реального времени) | C10: 59000 | D10: =C10*1.22 -> 71980
A11: ПК СТАБУР 10 (Х+Х+Х+PS24+Х+Х+Х+Х) | B11: Промышленный контроллер (Промышленный компьютер) ПК СТАБУР 10 (Х+Х+Х+PS24+Х+Х+Х+Х), Пластиковый корпус. Процессор 4х-ядерный ARM v8.2-A Cortex-A55, 64 бит, 2 ГГц; Видеоускоритель Mali-G52; ОЗУ 1 ГБ DDR4 1600 МГц 2 канала; FLASH память 4ГБ eMMC HS200; 1x слот microSD, 1x мини-USB OTG, часы реального времени. Дисплей 10.1'' TFT (1024х600). Модуль расширения PS24 — модуль питания 24В установлен в слот №4.Корпус для крепления на щит, габаритные размеры, мм 260х210х93. Возможность установки до 7 модулей расширения. Языки C/C++, Среда GNU, Операционная система Linux Ubuntu 24.04.2 LTS ядро 5.10 RT (реального времени) | C11: 42000 | D11: =C11*1.22 -> 51240
A12: ПК СТАБУР 10 4/32 (Х+Х+Х+PS24+Х+Х+Х+Х) | B12: Промышленный контроллер (Промышленный компьютер) ПК СТАБУР 10 (Х+Х+Х+PS24+Х+Х+Х+Х), Пластиковый корпус. Процессор 4х-ядерный ARM v8.2-A Cortex-A55, 64 бит, 2 ГГц; Видеоускоритель Mali-G52; ОЗУ 4 ГБ DDR4 1600 МГц 2 канала; FLASH память 32 ГБ eMMC HS200; 1x слот microSD, 1x мини-USB OTG, часы реального времени. Дисплей 10.1'' TFT (1024х600). Модуль расширения PS24 — модуль питания 24В установлен в слот №4.Корпус для крепления на щит, габаритные размеры, мм 260х210х93. Возможность установки до 7 модулей расширения. Языки C/C++, Среда GNU, Операционная система Linux Ubuntu 24.04.2 LTS ядро 5.10 RT (реального времени) | C12: 52000 | D12: =C12*1.22 -> 63440
A13: ПК СТАБУР 12 | B13: Промышленный контроллер (Промышленный компьютер) ПК СТАБУР 12. Процессор 4х-ядерный ARM v8.2-A Cortex-A55, 64 бит, 2 ГГц; Видеоускоритель Mali-G52; ОЗУ 1 ГБ DDR4 1600 МГц 2 канала; FLASH память 4ГБ eMMC HS200; 1x слот microSD, 1x мини-USB OTG, часы реального времени. Дисплей 12.1'' TFT (1024х768); корпус для крепления на щит или на кронштейн 75х75 (VESA), габаритные размеры, мм 293х267х45, интерфейсы 1х Ethernet 10/100, 1х RS-232, 3х RS-485, 1х USB 2.0 HOST, 1х аудио вход, 1х аудио выход. Без корзин для модулей расширения. Языки C/C++, Среда GNU, Операционная система Linux Ubuntu 24.04.2 LTS ядро 5.10 RT (реального времени) | C13: 53750 | D13: =C13*1.22 -> 65575
A14: ПК СТАБУР 12 4/32 | B14: Промышленный контроллер (Промышленный компьютер) ПК СТАБУР 12. Процессор 4х-ядерный ARM v8.2-A Cortex-A55, 64 бит, 2 ГГц; Видеоускоритель Mali-G52; ОЗУ 4 ГБ DDR4 1600 МГц 2 канала; FLASH память 32 ГБ eMMC HS200; 1x слот microSD, 1x мини-USB OTG, часы реального времени. Дисплей 12.1'' TFT (1024х768); корпус для крепления на щит или на кронштейн 75х75 (VESA), габаритные размеры, мм 293х267х45, интерфейсы 1х Ethernet 10/100, 1х RS-232, 3х RS-485, 1х USB 2.0 HOST, 1х аудио вход, 1х аудио выход. Без корзин для модулей расширения. Языки C/C++, Среда GNU, Операционная система Linux Ubuntu 24.04.2 LTS ядро 5.10 RT (реального времени) | C14: 63750 | D14: =C14*1.22 -> 77775
A15: ПК СТАБУР 12 (Х+Х+Х+Х+Х+Х+Х+Х) | B15: Промышленный контроллер (Промышленный компьютер) ПК СТАБУР 12. Процессор 4х-ядерный ARM v8.2-A Cortex-A55, 64 бит, 2 ГГц; Видеоускоритель Mali-G52; ОЗУ 1 ГБ DDR4 1600 МГц 2 канала; FLASH память 4ГБ eMMC HS200; 1x слот microSD, 1x мини-USB OTG, часы реального времени. Дисплей 12.1'' TFT (1024х768); корпус для крепления на щит, габаритные размеры, мм 293х267х94, интерфейсы 1х Ethernet 10/100, 1х RS-232, 3х RS-485, 1х USB 2.0 HOST, 1х аудио вход, 1х аудио выход. 1 корзина на 8 модулей расширения. Языки C/C++, Среда GNU, Операционная система Linux Ubuntu 24.04.2 LTS ядро 5.10 RT (реального времени) | C15: 53750 | D15: =C15*1.22 -> 65575
A16: ПК СТАБУР 12 4/32 (Х+Х+Х+Х+Х+Х+Х+Х) | B16: Промышленный контроллер (Промышленный компьютер) ПК СТАБУР 12. Процессор 4х-ядерный ARM v8.2-A Cortex-A55, 64 бит, 2 ГГц; Видеоускоритель Mali-G52; ОЗУ 4 ГБ DDR4 1600 МГц 2 канала; FLASH память 32 ГБ eMMC HS200; 1x слот microSD, 1x мини-USB OTG, часы реального времени. Дисплей 12.1'' TFT (1024х768); корпус для крепления на щит, габаритные размеры, мм 293х267х94, интерфейсы 1х Ethernet 10/100, 1х RS-232, 3х RS-485, 1х USB 2.0 HOST, 1х аудио вход, 1х аудио выход. 1 корзина на 8 модулей расширения. Языки C/C++, Среда GNU, Операционная система Linux Ubuntu 24.04.2 LTS ядро 5.10 RT (реального времени) | C16: 63750 | D16: =C16*1.22 -> 77775
... A48: ПК СТАБУР 24 4/32 (Х+Х+Х+Х+Х+Х+Х+Х+Х+Х+Х+Х+Х+Х+Х+Х) | B48: Промышленный контроллер (Промышленный компьютер) ПК СТАБУР 24. Процессор 4х-ядерный ARM v8.2-A Cortex-A55, 64 бит, 2 ГГц; Видеоускоритель Mali-G52; ОЗУ 4 ГБ DDR4 1600 МГц 2 канала; FLASH память 32 ГБ eMMC HS200; 1x слот microSD, 1x мини-USB OTG, часы реального времени. Дисплей 24'' TFT (1920х1080); корпус для крепления на щит, интерфейсы 1х Ethernet 10/100, 1х RS-232, 3х RS-485, 1х USB 2.0 HOST, 1х аудио вход, 1х аудио выход. 2 корзины по 8 модулей расширения. Языки C/C++, Среда GNU, Операционная система Linux Ubuntu 24.04.2 LTS ядро 5.10 RT (реального времени) | C48: 134500 | D48: =C48*1.22 -> 164090

Sheet Модули расширения
A1: ='ПЛК СТАБУР 05-24 CODESYS'!A1 -> 12.03.2026 Прайс лист на продукцию ПЛК/ПО/ПК СТАБУР ООО ПО «Промсвязь»
A2: Категория «Продукция». Модули расширения — модули ввода-вывода и интерфейсов для ПЛК/ПО/ПК СТАБУР.
A3: Модель | B3: Описание | C3: Цена без НДС | D3: Цена с НДС 22%
A4: Модули интерфейсов для ПЛК/ПО/ПК СТАБУР 05, 07 и 10
A5: ETH232 — модуль интерфейсов для ПЛК/ПО/ПК СТАБУР 05, 07, 10 | B5: Модуль интерфейсов 1х Ethernet 10/100 Мбит и 1х RS-232. Гальваническая развязка Ethernet: 1500 В. Скорость RS-232: до 500 Кбит/с. У RS-232 отсутствует гальваническая развязка, требуется заземление подключенного оборудования. Только для слот №1 в ПЛК 05/07/10. Несовместим с ПЛК 12–21" (встроенные интерфейсы). | C5: 2450 | D5: =C5*1.22 -> 2989
A6: RS485 — модуль интерфейсов для ПЛК/ПО/ПК СТАБУР 05, 07, 10 | B6: Модуль интерфейсов 2х RS-485. Скорость: до 1 Мбит/с, длина линии: до 1000 м. Групповая гальваническая развязка. Терминирование линии джамперами. Только для ПЛК 05/07/10. Макс. 1 модуль на прибор. | C6: 2450 | D6: =C6*1.22 -> 2989
A7: AUSBH — модуль интерфейсов аудио и USB для ПЛК/ПО/ПК СТАБУР 05, 07, 10 | B7: 1× USB 2.0 HOST и 1× линейный стереовыход (аудио). Выход аудио: 0.707 В (RMS), нагрузка 10 кОм. USB: ток до 500 ма. У USB и аудиоинтерфейсов отсутствует гальваническая развязка, требуется заземление подключенного оборудования. Только для слот №2 в ПЛК 05/07/10 | C7: 2500 | D7: =C7*1.22 -> 3050
A8: Модуль питания для ПЛК/ПО/ПК СТАБУР 05, 07 и 10
A9: PS24 — модуль блока питания 24В для ПЛК/ПО/ПК СТАБУР 05, 07, 10 | B9: Блок питания 24 В для ПЛК 05/07/10. Вход: 24 В ±10%, мощность ≤15 Вт. Гальваническая развязка, самовосстанавливающийся предохранитель. В базовой версии устанавливается только в слот №4. | C9: 1000 | D9: =C9*1.22 -> 1220
A10: Модули аналоговых входов/выходов для всех ПЛК/ПК «СТАБУР» (5ʺ — 24ʺ)
A11: AI — модуль аналоговых входов для ПЛК/ПК СТАБУР 05 -24 | B11: 4 аналоговых входа (ток 4-20 мА / напряжение 0-10 В). Погрешность: 1%, групповая гальваническая развязка. Разъемы: 2× 15EDGK-3.5-03P. | C11: 1250 | D11: =C11*1.22 -> 1525
A12: AO — модуль аналоговых выходов для ПЛК/ПК СТАБУР 05 -24 | B12: 2 аналоговых выхода (4-20 мА / 0-10 В). Нагрузка токового выхода: ≤500 Ом. Погрешность: 1%. | C12: 2000 | D12: =C12*1.22 -> 2440
A13: TERM — модуль измерения температуры для ПЛК/ПК СТАБУР 05 -24 | B13: 2 входа для термопар/термосопротивлений. Термосопротивления: Pt100, Pt1000, 50M, 100M. Термопары: ТХК(L), ТЖК(J), ТНН(N), ТХА(K), ТПП(S,R), ТПР(B), ТВР(A-1, 2, 3), ТМК(T). | C13: 3200 | D13: =C13*1.22 -> 3904
A14: Модули дискретных входов/выходов для всех ПЛК/ПК «СТАБУР» (5ʺ — 24ʺ)
A15: DI — модуль дискретных входов для ПЛК/ПК СТАБУР 05 -24 | B15: 6 дискретных входов (сухой контакт / открытый коллектор). 2 счетных входа (частота до 200 кГц). Номинальное напряжение: 24 В. | C15: 1500 | D15: =C15*1.22 -> 1830
A16: DOOC — модуль дискретных выходов типа «открытый коллектор» для ПЛК/ПК СТАБУР 05 -24 | B16: 6 выходов типа «открытый коллектор» (NPN). Напряжение: 24 В, ток: до 200 мА. | C16: 2100 | D16: =C16*1.22 -> 2562
A17: DOS — модуль дискретных выходов типа «симистор» для ПЛК/ПК СТАБУР 05 -24 | B17: 2 выхода типа «симистор» (коммутация ~220 В). Ток: до 2 А, защита плавкими предохранителями. Коммутация через ноль. | C17: 1300 | D17: =C17*1.22 -> 1586
A18: DOR — модуль дискретных выходов типа «реле» для ПЛК/ПК СТАБУР 05 -24 | B18: 4 релейных выхода (НО контакты). Коммутация: ~250 В / 5 А (AC), 30 В / 5 А (DC). | C18: 2500 | D18: =C18*1.22 -> 3050
A19: Модули интерфейсов для всех ПЛК/ПО/ПК «СТАБУР» (5ʺ — 24ʺ)
A20: CAN — модуль интерфейсов для ПЛК/ПО/ПК СТАБУР 05 -24 | B20: 2 канала CAN. Скорость: до 1 Мбит/с, групповая гальваническая развязка. Терминирование джамперами. | C20: 6000 | D20: =C20*1.22 -> 7320
A21: GSM — модуль модема для ПЛК/ПО/ПК СТАБУР 05 -24 | B21: GSM-модем (SIM800C). Поддержка: GPRS, CSD, SMS. Антенна: внешняя (SMA-разъем). Чипсет GSM/GPRS – SIMCom SIM800C. | C21: 6000 | D21: =C21*1.22 -> 7320
A22: WIFIBT — модуль беспроводной связи Wi-Fi и Bluetooth для ПЛК/ПО/ПК СТАБУР 05 -24 | B22: Модуль Wi-Fi (2.4/5 ГГц) и Bluetooth 5.0. Стандарты: 802.11 a/b/g/n/ac, BLE. Антенна: внешняя (SMA). Для ПЛК 05-10“ и для ПЛК 12-24“ с двумя корзинами – только слот №5. Для ПЛК 12-24“ с одной корзиной – только слот №1. | C22: 3400 | D22: =C22*1.22 -> 4148

Sheet Программное обеспечение
A1: Состав и функционал программного обеспечения устанавливаемого на ПЛК/ПО/ПК СТАБУР ООО «ПО «Промсвязь»
A2: Модель | B2: Описание
A3: Категория «Программное обеспечение».
A4: Лицензия CODESYS 3.5 для ПЛК/ПО СТАБУР | B4: Система исполнения CODESYS в составе CODESYS Runtime System для платформы ARM Linux, Modbus RTU Master, Modbus RTU Slave, Modbus ТСР Master, Modbus ТСР Slave, CANopen Master, OPC UA Server, CODESYS TargetVisu/WebVisu
A5: Лицензия MasterSCADA 4D для ПЛК/ПО СТАБУР комплектация базовая на 100/500/1000/2500/5000/10000 точек | B5: Исполнительная система MasterPLC на 1 процессор, включая: исполнение программ пользователя на языках МЭК 61131-3 и C#; функционал HTTP клиента, UDP клиента, отправки e-mail и SMS модуль интеграции с ГИС (OpenStreet Map и Яндекс.Карты) модуль интеграции с JSON модуль поддержки COM-устройств работу с внешними файлами и запуск сторонних приложений Набор драйверов: протоколов Modbus RTU/TCP Master и Slave OPC UA сервер и клиент сервера протокола МЭК 60870-5-104 Клиент визуализации
A6: Лицензия MasterSCADA 4D возможные дополнительные расширения | B6: Лицензия MasterSCADA 4D возможные дополнительные расширения
A7: Клиент визуализации (за 1 клиента) | B7: Опция. Дополнительный клиент визуализации (за 1 клиента)
A8: Функция архивирования (внуренняя БД и поддержка внешних БД) | B8: Опция. Функция архивирования (внутренняя БД и поддержка внешних БД)
A9: Поддержка функции резервирования | B9: Опция. Поддержка функции резервирования
A10: Поддержка централизованного управления пользователями | B10: Опция. Поддержка централизованного управления пользователями
A11: Модуль отчетов | B11: Опция. Модуль отчетов
A12: клиент протокола Mitsubishi SLMP | B12: Драйвер - клиент протокола Mitsubishi SLMP
A13: клиент протокола SNMP | B13: Драйвер — клиент протокола SNMP
A14: клиент протокола MQTT | B14: Драйвер — клиент протокола MQTT
A15: клиент протокола BACnet | B15: Драйвер — клиент протокола BACnet
... A20: клиент протокола OMRON FINS и FINS Serial | B20: Драйвер — клиент протокола OMRON FINS и FINS Serial
A21: Счетчики электроэнергии: приборов учета по стандарту СПОДЭС (ГОСТ Р 58940-2020) Энергомера СЕ301, СЕ303 Меркурий 230, 234, 236 НЗИФ СЭТ, ПСЧ | B21: На 1 счетчик. Счетчики электроэнергии: приборов учета по стандарту СПОДЭС (ГОСТ Р 58940-2020) Энергомера СЕ301, СЕ303 Меркурий 230, 234, 236 НЗИФ СЭТ, ПСЧ | C21: По количеству счетчиков, нужных в проект, поддержка до 50 счетчиков
A22: Счетчики тепла и энергии: теплосчётчиков ТЭМ-104, ТЭМ-106 теплосчётчиков ВЗЛЕТ ТСР-024М, ТСР-026М, ТСР-032, ТСР-034(033), ТСР-042, ТСР-043) теплосчётчиков Теплоком Теплоком ВКТ-5, ВКТ-7, ВКТ-9 счетчиков-регистраторов Пульсар теплосчётчиков МКТС корректоров объема газа СПГ761, СПТ961 теплосчётчиков ЭСКО-Т | B22: На 1 счетчик. Счетчики тепла и энергии: теплосчётчиков ТЭМ-104, ТЭМ-106 теплосчётчиков ВЗЛЕТ ТСР-024М, ТСР-026М, ТСР-032, ТСР-034(033), ТСР-042, ТСР-043) теплосчётчиков Теплоком Теплоком ВКТ-5, ВКТ-7, ВКТ-9 счетчиков-регистраторов Пульсар теплосчётчиков МКТС корректоров объема газа СПГ761, СПТ961 теплосчётчиков ЭСКО-Т | C22: По количеству счетчиков, нужных в проект, поддержка до 50 счетчиков
